Data point,Step,Step time,Voltage,Current,Power,Temperature,Capacity,Energy,Total time,End status
1,1,00:00:10,3.2868,0,0,26.3,0,0,00:00:10,0
2,1,00:00:20,3.2868,0,0,26.3,0,0,00:00:20,0
3,1,00:00:30,3.2868,0,0,26.4,0,0,00:00:30,0
4,1,00:00:40,3.2868,0,0,26.4,0,0,00:00:40,0
5,1,00:00:50,3.2868,0,0,26.4,0,0,00:00:50,0
6,1,00:01:00,3.2868,0,0,26.4,0,0,00:01:00,Time
7,2,00:00:10,3.2956,0.746,2.5,26.3,1.95,0.0064174,00:01:10,0
8,2,00:00:20,3.2987,0.746,2.5,26.4,3.94,0.01298,00:01:20,0
9,2,00:00:30,3.3016,0.747,2.5,26.5,6.09,0.0200967,00:01:30,0
10,2,00:00:40,3.3038,0.747,2.5,26.5,8.09,0.0266749,00:01:40,0
11,2,00:00:50,3.3059,0.747,2.5,26.6,10.24,0.0338031,00:01:50,0
12,2,00:01:00,3.3079,0.747,2.5,26.6,12.24,0.0403928,00:02:00,0
13,2,00:01:10,3.3097,0.747,2.5,26.6,14.35,0.0473914,00:02:10,0
14,2,00:01:20,3.3115,0.747,2.5,26.6,16.38,0.0541235,00:02:20,0
15,2,00:01:30,3.3133,0.747,2.5,26.6,18.54,0.0612683,00:02:30,0
16,2,00:01:40,3.3146,0.747,2.5,26.6,20.49,0.0677309,00:02:40,0
17,2,00:01:50,3.3164,0.747,2.5,26.6,22.65,0.0748887,00:02:50,0
18,2,00:02:00,3.3178,0.747,2.5,26.6,24.77,0.0819054,00:03:00,0
19,2,00:02:10,3.3191,0.747,2.5,26.6,26.76,0.0885246,00:03:10,0
20,2,00:02:20,3.3203,0.747,2.5,26.6,28.92,0.0956856,00:03:20,0
21,2,00:02:30,3.3215,0.747,2.5,26.6,30.91,0.1023002,00:03:30,0
22,2,00:02:40,3.3225,0.747,2.5,26.6,32.94,0.1090495,00:03:40,0
23,2,00:02:50,3.3238,0.747,2.5,26.5,35.14,0.1163553,00:03:50,0
24,2,00:03:00,3.3247,0.747,2.5,26.5,37.09,0.1228367,00:04:00,0
25,2,00:03:10,3.3255,0.747,2.5,26.5,39.25,0.1300105,00:04:10,0
26,2,00:03:20,3.3262,0.747,2.5,26.5,41.24,0.1366384,00:04:20,0
27,2,00:03:30,3.3269,0.747,2.5,26.5,43.36,0.14368,00:04:30,0
28,2,00:03:40,3.3276,0.747,2.5,26.5,45.51,0.1508593,00:04:40,0
29,2,00:03:50,3.328,0.747,2.5,26.5,47.51,0.1574901,00:04:50,0
30,2,00:04:00,3.3286,0.747,2.5,26.5,49.66,0.1646691,00:05:00,0
31,2,00:04:10,3.329,0.747,2.5,26.5,51.7,0.1714331,00:05:10,0
32,2,00:04:20,3.3294,0.747,2.5,26.5,53.73,0.1782085,00:05:20,0
33,2,00:04:30,3.3298,0.747,2.5,26.5,55.85,0.1852524,00:05:30,0
34,2,00:04:40,3.3301,0.747,2.5,26.5,57.96,0.1923037,00:05:40,0
35,2,00:04:50,3.3304,0.748,2.5,26.5,59.96,0.1989404,00:05:50,0
36,2,00:05:00,3.3306,0.747,2.5,26.5,61.8,0.2050803,00:06:00,Time
37,3,00:00:10,3.3393,1.496,5,26.4,3.33,0.0110984,00:06:10,0
38,3,00:00:20,3.342,1.496,5,26.4,7.65,0.0255358,00:06:20,0
39,3,00:00:30,3.3432,1.496,5,26.4,11.72,0.0391596,00:06:30,0
40,3,00:00:40,3.3441,1.496,5,26.4,15.96,0.0533216,00:06:40,0
41,3,00:00:50,3.3447,1.496,5,26.4,19.95,0.0666663,00:06:50,0
42,3,00:01:00,3.3451,1.496,5,26.4,24.35,0.0814031,00:07:00,0
43,3,00:01:10,3.3455,1.496,5,26.4,28.35,0.0947575,00:07:10,0
44,3,00:01:20,3.3458,1.496,5,26.4,32.67,0.1092136,00:07:20,0
45,3,00:01:30,3.346,1.496,5,26.4,36.66,0.1225709,00:07:30,0
46,3,00:01:40,3.3463,1.496,5,26.4,40.98,0.1370279,00:07:40,0
47,3,00:01:50,3.3465,1.496,5,26.4,44.97,0.1503892,00:07:50,0
48,3,00:02:00,3.3466,1.496,5,26.4,49.21,0.1645714,00:08:00,0
49,3,00:02:10,3.3467,1.496,5,26.4,53.45,0.1787572,00:08:10,0
50,3,00:02:20,3.3469,1.496,5,26.3,57.44,0.1921186,00:08:20,0
51,3,00:02:30,3.3471,1.496,5,26.3,61.68,0.2063029,00:08:30,0
52,3,00:02:40,3.3472,1.496,5,26.3,65.92,0.2204945,00:08:40,0
53,3,00:02:50,3.3473,1.496,5,26.3,69.99,0.2341334,00:08:50,0
54,3,00:03:00,3.3474,1.496,5,26.3,74.23,0.2483256,00:09:00,0
55,3,00:03:10,3.3475,1.496,5,26.3,78.22,0.2616883,00:09:10,0
56,3,00:03:20,3.3477,1.496,5,26.3,82.55,0.2761561,00:09:20,0
57,3,00:03:30,3.3478,1.496,5,26.3,86.54,0.2895179,00:09:30,0
58,3,00:03:40,3.3479,1.496,5,26.3,90.78,0.3037067,00:09:40,0
59,3,00:03:50,3.3481,1.496,5,26.3,94.85,0.3173504,00:09:50,0
60,3,00:04:00,3.3482,1.496,5,26.3,99.09,0.3315403,00:10:00,0
61,3,00:04:10,3.3483,1.496,5,26.3,103.16,0.3451858,00:10:10,0
62,3,00:04:20,3.3484,1.496,5,26.3,107.49,0.3596543,00:10:20,0
63,3,00:04:30,3.3485,1.496,5,26.3,111.48,0.373033,00:10:30,0
64,3,00:04:40,3.3487,1.496,5,26.3,115.8,0.387504,00:10:40,0
65,3,00:04:50,3.3488,1.496,5,26.3,119.79,0.400868,00:10:50,0
66,3,00:05:00,3.3489,1.496,5,26.2,123.73,0.4140569,00:11:00,Time
67,4,00:00:10,3.3653,3.005,10.1,26.2,7.82,0.0263006,00:11:10,0
68,4,00:00:20,3.3685,3.005,10.1,26.2,16.5,0.055528,00:11:20,0
69,4,00:00:30,3.3698,3.005,10.1,26.2,25.02,0.0842163,00:11:30,0
70,4,00:00:40,3.3707,3.005,10.1,26.2,33.03,0.1112353,00:11:40,0
71,4,00:00:50,3.3713,3.005,10.1,26.2,41.71,0.1404915,00:11:50,0
72,4,00:01:00,3.3718,3.005,10.1,26.2,49.73,0.1675124,00:12:00,0
73,4,00:01:10,3.3723,3.005,10.1,26.2,58.24,0.1962253,00:12:10,0
74,4,00:01:20,3.3725,3.005,10.1,26.2,66.42,0.2238221,00:12:20,0
75,4,00:01:30,3.3729,3.005,10.1,26.2,74.95,0.2525876,00:12:30,0
76,4,00:01:40,3.3731,3.005,10.1,26.2,83.3,0.2807371,00:12:40,0
77,4,00:01:50,3.3734,3.005,10.1,26.2,91.31,0.30778,00:12:50,0
78,4,00:02:00,3.3736,3.005,10.1,26.2,99.83,0.3365014,00:13:00,0
79,4,00:02:10,3.3738,3.005,10.1,26.2,108.02,0.3641399,00:13:10,0
80,4,00:02:20,3.3741,3.005,10.1,26.2,116.37,0.39231,00:13:20,0
81,4,00:02:30,3.3744,3.005,10.1,26.2,125.05,0.4215939,00:13:30,0
82,4,00:02:40,3.3745,3.005,10.1,26.2,133.06,0.4486415,00:13:40,0
83,4,00:02:50,3.3749,3.005,10.1,26.2,141.41,0.4768081,00:13:50,0
84,4,00:03:00,3.3752,3.005,10.1,26.2,149.92,0.5055389,00:14:00,0
85,4,00:03:10,3.3754,3.005,10.1,26.2,158.27,0.5337126,00:14:10,0
86,4,00:03:20,3.3757,3.005,10.1,26.2,166.78,0.5624539,00:14:20,0
87,4,00:03:30,3.3759,3.005,10.1,26.2,174.8,0.5895248,00:14:30,0
88,4,00:03:40,3.3762,3.005,10.1,26.2,183.48,0.6188236,00:14:40,0
89,4,00:03:50,3.3765,3.005,10.1,26.2,191.5,0.6458893,00:14:50,0
90,4,00:04:00,3.3768,3.005,10.1,26.2,199.85,0.674091,00:15:00,0
91,4,00:04:10,3.377,3.005,10.1,26.2,208.53,0.7033902,00:15:10,0
92,4,00:04:20,3.3774,3.005,10.1,26.2,216.21,0.7293295,00:15:20,0
93,4,00:04:30,3.3777,3.005,10.1,26.2,224.9,0.7587037,00:15:30,0
94,4,00:04:40,3.378,3.005,10.1,26.2,233.58,0.7880048,00:15:40,0
95,4,00:04:50,3.3783,3.005,10.2,26.2,241.59,0.8150834,00:15:50,0
96,4,00:05:00,3.3786,3.005,10.2,26.2,249.11,0.8404575,00:16:00,Time
97,5,00:00:10,3.4238,7.492,25.7,26.2,16.23,0.0555061,00:16:10,0
98,5,00:00:20,3.4301,7.492,25.7,26.2,38.3,0.1311316,00:16:20,0
99,5,00:00:30,3.4328,7.492,25.7,26.2,58.69,0.2011351,00:16:30,0
100,5,00:00:40,3.435,7.492,25.7,26.2,79.93,0.274051,00:16:40,0
101,5,00:00:50,3.4368,7.492,25.7,26.2,99.91,0.3427208,00:16:50,0
102,5,00:01:00,3.4384,7.492,25.8,26.2,121.15,0.4157118,00:17:00,0
103,5,00:01:10,3.44,7.492,25.8,26.2,140.72,0.4830205,00:17:10,0
104,5,00:01:20,3.4414,7.492,25.8,26.2,162.37,0.5575153,00:17:20,0
105,5,00:01:30,3.4431,7.492,25.8,26.2,183.6,0.6306053,00:17:30,0
106,5,00:01:40,3.4444,7.492,25.8,26.3,203.61,0.6995274,00:17:40,0
107,5,00:01:50,3.4457,7.492,25.8,26.3,225.25,0.7740891,00:17:50,0
108,5,00:02:00,3.4468,7.492,25.8,26.3,245.25,0.8430104,00:18:00,0
109,5,00:02:10,3.4478,7.492,25.8,26.3,265.23,0.911867,00:18:10,0
110,5,00:02:20,3.4489,7.492,25.8,26.3,287.71,0.9893944,00:18:20,0
111,5,00:02:30,3.4496,7.492,25.8,26.3,307.7,1.0583361,00:18:30,0
112,5,00:02:40,3.4504,7.492,25.9,26.3,329.36,1.1330867,00:18:40,0
113,5,00:02:50,3.451,7.492,25.9,26.3,349.35,1.2020681,00:18:50,0
114,5,00:03:00,3.4516,7.492,25.9,26.3,370.6,1.2753921,00:19:00,0
115,5,00:03:10,3.452,7.492,25.9,26.3,391.41,1.3472356,00:19:10,0
116,5,00:03:20,3.4524,7.492,25.9,26.3,412.23,1.4191016,00:19:20,0
117,5,00:03:30,3.4527,7.492,25.9,26.3,432.21,1.4880887,00:19:30,0
118,5,00:03:40,3.453,7.492,25.9,26.4,453.87,1.562855,00:19:40,0
119,5,00:03:50,3.4533,7.492,25.9,26.4,475.09,1.6361585,00:19:50,0
120,5,00:04:00,3.4535,7.492,25.9,26.4,495.49,1.7065989,00:20:00,0
121,5,00:04:10,3.4537,7.492,25.9,26.4,515.9,1.7770829,00:20:10,0
122,5,00:04:20,3.4538,7.492,25.9,26.4,537.54,1.851817,00:20:20,0
123,5,00:04:30,3.454,7.492,25.9,26.4,557.53,1.9208615,00:20:30,0
124,5,00:04:40,3.4541,7.492,25.9,26.4,579.17,1.9956121,00:20:40,0
125,5,00:04:50,3.4542,7.492,25.9,26.4,599.16,2.0646727,00:20:50,0
126,5,00:05:00,3.4544,7.492,25.9,26.4,620.81,2.1394475,00:21:00,0
127,5,00:05:10,3.4545,7.492,25.9,26.4,640.38,2.2070408,00:21:10,0
128,5,00:05:20,3.4546,7.492,25.9,26.4,662.03,2.2818279,00:21:20,0
129,5,00:05:30,3.4547,7.492,25.9,26.4,683.26,2.3551707,00:21:30,0
130,5,00:05:40,3.4548,7.492,25.9,26.4,703.66,2.4256451,00:21:40,0
131,5,00:05:50,3.4549,7.492,25.9,26.4,724.89,2.4990039,00:21:50,0
132,5,00:06:00,3.455,7.492,25.9,26.4,744.88,2.5680821,00:22:00,0
133,5,00:06:10,3.4552,7.492,25.9,26.4,766.11,2.6414247,00:22:10,0
134,5,00:06:20,3.4553,7.492,25.9,26.4,786.93,2.7133496,00:22:20,0
135,5,00:06:30,3.4554,7.492,25.9,26.4,806.91,2.7824004,00:22:30,0
136,5,00:06:40,3.4555,7.492,25.9,26.4,828.56,2.8572013,00:22:40,0
137,5,00:06:50,3.4556,7.492,25.9,26.4,849.79,2.9305673,00:22:50,0
138,5,00:07:00,3.4558,7.492,25.9,26.4,869.79,2.9996872,00:23:00,0
139,5,00:07:10,3.4559,7.492,25.9,26.4,891.02,3.0730515,00:23:10,0
140,5,00:07:20,3.456,7.492,25.9,26.5,911,3.1421051,00:23:20,0
141,5,00:07:30,3.4562,7.492,25.9,26.5,932.65,3.2169385,00:23:30,0
142,5,00:07:40,3.4563,7.492,25.9,26.5,953.89,3.2903473,00:23:40,0
143,5,00:07:50,3.4565,7.492,25.9,26.5,973.88,3.3594408,00:23:50,0
144,5,00:08:00,3.4566,7.492,25.9,26.5,995.11,3.4327962,00:24:00,0
145,5,00:08:10,3.4568,7.492,25.9,26.5,1016.34,3.5061946,00:24:10,0
146,5,00:08:20,3.457,7.492,25.9,26.4,1037.15,3.5781379,00:24:20,0
147,5,00:08:30,3.4571,7.492,25.9,26.4,1056.72,3.6457932,00:24:30,0
148,5,00:08:40,3.4573,7.492,25.9,26.5,1078.37,3.7206368,00:24:40,0
149,5,00:08:50,3.4575,7.492,25.9,26.5,1099.6,3.794044,00:24:50,0
150,5,00:09:00,3.4576,7.492,25.9,26.5,1120,3.8645837,00:25:00,0
151,5,00:09:10,3.4579,7.492,25.9,26.5,1141.24,3.9380176,00:25:10,0
152,5,00:09:20,3.458,7.492,25.9,26.5,1161.23,4.0071521,00:25:20,0
153,5,00:09:30,3.4582,7.492,25.9,26.4,1182.46,4.0805426,00:25:30,0
154,5,00:09:40,3.4585,7.492,25.9,26.5,1203.69,4.153975,00:25:40,0
155,5,00:09:50,3.4586,7.492,25.9,26.5,1223.68,4.2231183,00:25:50,0
156,5,00:10:00,3.4589,7.492,25.9,26.5,1244.92,4.2965899,00:26:00,0
157,5,00:10:10,3.4591,7.492,25.9,26.5,1266.15,4.3700233,00:26:10,0
158,5,00:10:20,3.4593,7.492,25.9,26.5,1286.14,4.4391832,00:26:20,0
159,5,00:10:30,3.4595,7.492,25.9,26.5,1307.37,4.5126061,00:26:30,0
160,5,00:10:40,3.4598,7.492,25.9,26.5,1327.77,4.583189,00:26:40,0
161,5,00:10:50,3.4601,7.492,25.9,26.5,1349,4.6566482,00:26:50,0
162,5,00:11:00,3.4604,7.492,25.9,26.5,1369.41,4.7272696,00:27:00,0
163,5,00:11:10,3.4606,7.492,25.9,26.5,1389.38,4.7963886,00:27:10,0
164,5,00:11:20,3.4609,7.492,25.9,26.5,1410.63,4.8699141,00:27:20,0
165,5,00:11:30,3.4611,7.492,25.9,26.5,1432.27,4.9448028,00:27:30,0
166,5,00:11:40,3.4614,7.492,25.9,26.5,1452.26,5.0139904,00:27:40,0
167,5,00:11:50,3.4617,7.492,25.9,26.5,1473.9,5.0889192,00:27:50,0
168,5,00:12:00,3.4619,7.492,25.9,26.5,1493.89,5.158112,00:28:00,0
169,5,00:12:10,3.4623,7.492,25.9,26.5,1515.12,5.231606,00:28:10,0
170,5,00:12:20,3.4625,7.492,25.9,26.5,1535.94,5.3036904,00:28:20,0
171,5,00:12:30,3.4629,7.492,25.9,26.5,1555.92,5.3728857,00:28:30,0
172,5,00:12:40,3.4631,7.492,25.9,26.5,1577.57,5.4478493,00:28:40,0
173,5,00:12:50,3.4635,7.492,25.9,26.5,1598.81,5.5214319,00:28:50,0
174,5,00:13:00,3.4638,7.492,26,26.5,1618.81,5.5906711,00:29:00,0
175,5,00:13:10,3.4641,7.492,26,26.5,1640.03,5.6641965,00:29:10,0
176,5,00:13:20,3.4645,7.492,26,26.5,1661.27,5.7377725,00:29:20,0
177,5,00:13:30,3.4648,7.492,26,26.5,1681.26,5.8070359,00:29:30,0
178,5,00:13:40,3.4652,7.492,26,26.5,1702.48,5.8805685,00:29:40,0
179,5,00:13:50,3.4655,7.492,26,26.5,1722.89,5.951273,00:29:50,0
180,5,00:14:00,3.4659,7.492,26,26.5,1744.11,6.0248413,00:30:00,0
181,5,00:14:10,3.4662,7.492,26,26.5,1764.09,6.0940957,00:30:10,0
182,5,00:14:20,3.4666,7.492,26,26.5,1785.74,6.169137,00:30:20,0
183,5,00:14:30,3.467,7.492,26,26.5,1805.73,6.23842,00:30:30,0
184,5,00:14:40,3.4675,7.492,26,26.5,1826.97,6.3120737,00:30:40,0
185,5,00:14:50,3.4679,7.492,26,26.5,1847.37,6.3828077,00:30:50,0
186,5,00:15:00,3.4683,7.492,26,26.5,1868.61,6.4564819,00:31:00,0
187,5,00:15:10,3.4688,7.492,26,26.5,1890.25,6.5315428,00:31:10,0
188,5,00:15:20,3.4692,7.492,26,26.5,1910.24,6.6009083,00:31:20,0
189,5,00:15:30,3.4697,7.492,26,26.6,1931.47,6.6745424,00:31:30,0
190,5,00:15:40,3.4702,7.492,26,26.6,1952.7,6.7482176,00:31:40,0
191,5,00:15:50,3.4706,7.492,26,26.6,1972.69,6.8175945,00:31:50,0
192,5,00:16:00,3.4711,7.492,26,26.6,1994.34,6.8927355,00:32:00,0
193,5,00:16:10,3.4716,7.492,26,26.6,2014.33,6.9621158,00:32:10,0
194,5,00:16:20,3.4721,7.492,26,26.6,2035.56,7.035821,00:32:20,0
195,5,00:16:30,3.4726,7.492,26,26.6,2055.98,7.1067243,00:32:30,0
196,5,00:16:40,3.4731,7.492,26,26.5,2077.2,7.1804504,00:32:40,0
197,5,00:16:50,3.4737,7.492,26,26.6,2097.19,7.2498693,00:32:50,0
198,5,00:17:00,3.4743,7.492,26,26.6,2118.84,7.3250751,00:33:00,0
199,5,00:17:10,3.4749,7.492,26,26.6,2138.82,7.3944936,00:33:10,0
200,5,00:17:20,3.4755,7.492,26,26.6,2160.06,7.4683208,00:33:20,0
201,5,00:17:30,3.476,7.492,26,26.6,2180.45,7.5391898,00:33:30,0
202,5,00:17:40,3.4767,7.492,26,26.6,2202.1,7.6144533,00:33:40,0
203,5,00:17:50,3.4775,7.492,26.1,26.6,2223.34,7.6883011,00:33:50,0
204,5,00:18:00,3.478,7.492,26.1,26.6,2243.33,7.7578363,00:34:00,0
205,5,00:18:10,3.4788,7.492,26.1,26.6,2264.98,7.8331175,00:34:10,0
206,5,00:18:20,3.4795,7.492,26.1,26.6,2284.96,7.9026604,00:34:20,0
207,5,00:18:30,3.4802,7.492,26.1,26.6,2306.19,7.9765186,00:34:30,0
208,5,00:18:40,3.4809,7.492,26.1,26.6,2326.17,8.0460758,00:34:40,0
209,5,00:18:50,3.4817,7.492,26.1,26.6,2347.84,8.1214952,00:34:50,0
210,5,00:19:00,3.4824,7.492,26.1,26.6,2368.24,8.1925373,00:35:00,0
211,5,00:19:10,3.4833,7.492,26.1,26.6,2389.88,8.2679234,00:35:10,0
212,5,00:19:20,3.484,7.492,26.1,26.6,2409.88,8.3375998,00:35:20,0
213,5,00:19:30,3.485,7.492,26.1,26.6,2431.53,8.4130316,00:35:30,0
214,5,00:19:40,3.486,7.492,26.1,26.6,2451.1,8.481245,00:35:40,0
215,5,00:19:50,3.4869,7.492,26.1,26.6,2473.17,8.5581818,00:35:50,0
216,5,00:20:00,3.4878,7.492,26.1,26.6,2493.57,8.6293325,00:36:00,0
217,5,00:20:10,3.4887,7.492,26.1,26.6,2514.8,8.703393,00:36:10,0
218,5,00:20:20,3.4897,7.492,26.1,26.6,2534.79,8.7731361,00:36:20,0
219,5,00:20:30,3.4909,7.492,26.2,26.7,2556.43,8.8486729,00:36:30,0
220,5,00:20:40,3.492,7.492,26.2,26.7,2576.83,8.9198904,00:36:40,0
221,5,00:20:50,3.4931,7.492,26.2,26.7,2598.06,8.9940414,00:36:50,0
222,5,00:21:00,3.4943,7.492,26.2,26.7,2618.46,9.0653143,00:37:00,0
223,5,00:21:10,3.4955,7.492,26.2,26.7,2639.7,9.139534,00:37:10,0
224,5,00:21:20,3.4967,7.492,26.2,26.7,2659.69,9.2094164,00:37:20,0
225,5,00:21:30,3.4971,7.362,25.7,26.7,2681.27,9.2848825,00:37:30,0
226,5,00:21:40,3.4971,7.326,25.6,26.7,2700.9,9.353528,00:37:40,0
227,5,00:21:50,3.4971,7.248,25.3,26.7,2720.72,9.4228439,00:37:50,0
228,5,00:22:00,3.497,7.169,25.1,26.7,2741.53,9.4956226,00:38:00,0
229,5,00:22:10,3.4971,7.092,24.8,26.7,2760.54,9.5621014,00:38:10,0
230,5,00:22:20,3.4971,7.003,24.5,26.7,2780.5,9.6319027,00:38:20,0
231,5,00:22:30,3.4971,6.924,24.2,26.7,2799.46,9.698204,00:38:30,0
232,5,00:22:40,3.4971,6.844,23.9,26.7,2819.34,9.7677221,00:38:40,0
233,5,00:22:50,3.4971,6.765,23.7,26.8,2837.49,9.8312216,00:38:50,0
234,5,00:23:00,3.4971,6.688,23.4,26.8,2856.54,9.8978167,00:39:00,0
235,5,00:23:10,3.4971,6.606,23.1,26.8,2874.26,9.9597855,00:39:10,0
236,5,00:23:20,3.4971,6.515,22.8,26.8,2893.57,10.0273314,00:39:20,0
237,5,00:23:30,3.4971,6.447,22.5,26.8,2910.49,10.0865088,00:39:30,0
238,5,00:23:40,3.4971,6.358,22.2,26.8,2928.98,10.1511765,00:39:40,0
239,5,00:23:50,3.4971,6.278,22,26.8,2946.88,10.2137632,00:39:50,0
240,5,00:24:00,3.4971,6.199,21.7,26.8,2963.53,10.2720013,00:40:00,0
241,5,00:24:10,3.4971,6.12,21.4,26.7,2980.97,10.3329782,00:40:10,0
242,5,00:24:20,3.4971,6.041,21.1,26.8,2997.17,10.3896284,00:40:20,0
243,5,00:24:30,3.4971,5.961,20.8,26.7,3014.5,10.4502268,00:40:30,0
244,5,00:24:40,3.4971,5.873,20.5,26.8,3031.26,10.5088587,00:40:40,0
245,5,00:24:50,3.497,5.795,20.3,26.8,3047.15,10.564414,00:40:50,0
246,5,00:25:00,3.4971,5.718,20,26.8,3063.46,10.6214437,00:41:00,0
247,5,00:25:10,3.4971,5.644,19.7,26.8,3078.61,10.6744242,00:41:10,0
248,5,00:25:20,3.4971,5.568,19.5,26.8,3094.79,10.7310228,00:41:20,0
249,5,00:25:30,3.4971,5.491,19.2,26.8,3109.22,10.7814741,00:41:30,0
250,5,00:25:40,3.4971,5.418,18.9,26.8,3124.96,10.836524,00:41:40,0
251,5,00:25:50,3.4971,5.333,18.7,26.8,3140.19,10.8897715,00:41:50,0
252,5,00:26:00,3.4971,5.261,18.4,26.8,3154.32,10.9391909,00:42:00,0
253,5,00:26:10,3.4971,5.189,18.1,26.8,3169.41,10.9919586,00:42:10,0
254,5,00:26:20,3.4971,5.117,17.9,26.8,3183.14,11.0399952,00:42:20,0
255,5,00:26:30,3.4971,5.047,17.7,26.8,3197.82,11.0913086,00:42:30,0
256,5,00:26:40,3.4971,4.977,17.4,26.8,3210.9,11.137044,00:42:40,0
257,5,00:26:50,3.4971,4.899,17.1,26.8,3225.16,11.1869259,00:42:50,0
258,5,00:27:00,3.4971,4.84,16.9,26.8,3238.42,11.2332954,00:43:00,0
259,5,00:27:10,3.4971,4.765,16.7,26.8,3252.02,11.2808599,00:43:10,0
260,5,00:27:20,3.4971,4.698,16.4,26.7,3264.64,11.3249903,00:43:20,0
261,5,00:27:30,3.4971,4.635,16.2,26.8,3278.12,11.3721304,00:43:30,0
262,5,00:27:40,3.4971,4.569,16,26.7,3290.39,11.4150486,00:43:40,0
263,5,00:27:50,3.4971,4.508,15.8,26.7,3303.5,11.4608784,00:43:50,0
264,5,00:28:00,3.4971,4.438,15.5,26.7,3316.16,11.5051661,00:44:00,0
265,5,00:28:10,3.4971,4.385,15.3,26.7,3327.93,11.5463209,00:44:10,0
266,5,00:28:20,3.4971,4.317,15.1,26.7,3340.49,11.5902405,00:44:20,0
267,5,00:28:30,3.4971,4.259,14.9,26.7,3351.93,11.6302414,00:44:30,0
268,5,00:28:40,3.4971,4.201,14.7,26.7,3363.9,11.6721106,00:44:40,0
269,5,00:28:50,3.4971,4.143,14.5,26.7,3375.71,11.7134161,00:44:50,0
270,5,00:29:00,3.4971,4.088,14.3,26.7,3386.68,11.7517824,00:45:00,0
271,5,00:29:10,3.4971,4.025,14.1,26.7,3398.39,11.7927208,00:45:10,0
272,5,00:29:20,3.4971,3.978,13.9,26.7,3409.06,11.8300486,00:45:20,0
273,5,00:29:30,3.4971,3.919,13.7,26.7,3420.46,11.8699083,00:45:30,0
274,5,00:29:40,3.4971,3.866,13.5,26.7,3430.87,11.9063215,00:45:40,0
275,5,00:29:50,3.4971,3.815,13.3,26.7,3441.75,11.9443531,00:45:50,0
276,5,00:30:00,3.4971,3.765,13.2,26.7,3451.86,11.9797401,00:46:00,0
277,5,00:30:10,3.4971,3.718,13,26.7,3462.68,12.0175581,00:46:10,0
278,5,00:30:20,3.4971,3.667,12.8,26.7,3472.52,12.0519695,00:46:20,0
279,5,00:30:30,3.4971,3.613,12.6,26.7,3482.83,12.0880461,00:46:30,0
280,5,00:30:40,3.4971,3.567,12.5,26.7,3493.21,12.1243286,00:46:40,0
281,5,00:30:50,3.4971,3.524,12.3,26.7,3502.67,12.1574039,00:46:50,0
282,5,00:31:00,3.4971,3.478,12.2,26.6,3512.78,12.1927557,00:47:00,0
283,5,00:31:10,3.4971,3.433,12,26.6,3522.18,12.2256279,00:47:10,0
284,5,00:31:20,3.4971,3.392,11.9,26.6,3531.47,12.25811,00:47:20,0
285,5,00:31:30,3.4971,3.349,11.7,26.6,3541.01,12.2914753,00:47:30,0
286,5,00:31:40,3.4971,3.308,11.6,26.6,3549.88,12.3225021,00:47:40,0
287,5,00:31:50,3.4971,3.261,11.4,26.6,3559.36,12.3556652,00:47:50,0
288,5,00:32:00,3.4971,3.222,11.3,26.6,3568.54,12.3877745,00:48:00,0
289,5,00:32:10,3.4971,3.182,11.1,26.6,3577.08,12.4176378,00:48:10,0
290,5,00:32:20,3.4971,3.144,11,26.6,3586.04,12.4489737,00:48:20,0
291,5,00:32:30,3.4971,3.107,10.9,26.6,3594.55,12.4787121,00:48:30,0
292,5,00:32:40,3.4972,3.072,10.7,26.6,3602.96,12.5081244,00:48:40,0
293,5,00:32:50,3.4971,3.03,10.6,26.6,3611.76,12.5389204,00:48:50,0
294,5,00:33:00,3.4971,3,10.5,26.6,3619.8,12.5670404,00:49:00,0
295,5,00:33:10,3.4971,2.959,10.3,26.6,3628.41,12.5971279,00:49:10,0
296,5,00:33:20,3.4971,2.926,10.2,26.6,3636.26,12.6245804,00:49:20,0
297,5,00:33:30,3.4971,2.893,10.1,26.5,3644.5,12.6533937,00:49:30,0
298,5,00:33:40,3.4971,2.859,10,26.6,3652.16,12.6802053,00:49:40,0
299,5,00:33:50,3.4972,2.826,9.9,26.5,3660.38,12.7089233,00:49:50,0
300,5,00:34:00,3.4971,2.791,9.8,26.5,3668.33,12.7367563,00:50:00,0
301,5,00:34:10,3.4971,2.766,9.7,26.5,3675.74,12.762661,00:50:10,0
302,5,00:34:20,3.4972,2.731,9.6,26.5,3683.53,12.7898836,00:50:20,0
303,5,00:34:30,3.4971,2.7,9.4,26.5,3691.22,12.816782,00:50:30,0
304,5,00:34:40,3.4971,2.671,9.3,26.5,3698.38,12.8418379,00:50:40,0
305,5,00:34:50,3.4972,2.644,9.2,26.5,3706.05,12.8686657,00:50:50,0
306,5,00:35:00,3.4971,2.616,9.1,26.5,3713.06,12.8931704,00:51:00,0
307,5,00:35:10,3.4971,2.585,9,26.5,3720.42,12.9188995,00:51:10,0
308,5,00:35:20,3.4971,2.556,8.9,26.4,3727.7,12.9443741,00:51:20,0
309,5,00:35:30,3.4972,2.529,8.8,26.4,3734.49,12.9680986,00:51:30,0
310,5,00:35:40,3.4971,2.504,8.8,26.5,3741.75,12.9935131,00:51:40,0
311,5,00:35:50,3.4971,2.475,8.7,26.4,3748.4,13.0167427,00:51:50,0
312,5,00:36:00,3.4971,2.452,8.6,26.4,3755.38,13.041153,00:52:00,0
313,5,00:36:10,3.4972,2.427,8.5,26.4,3762.28,13.0653009,00:52:10,0
314,5,00:36:20,3.4972,2.402,8.4,26.4,3768.85,13.0882711,00:52:20,0
315,5,00:36:30,3.4972,2.379,8.3,26.4,3775.36,13.1110249,00:52:30,0
316,5,00:36:40,3.4972,2.349,8.2,26.4,3782.06,13.1344538,00:52:40,0
317,5,00:36:50,3.4972,2.328,8.1,26.4,3788.69,13.1576481,00:52:50,0
318,5,00:37:00,3.4971,2.305,8.1,26.4,3794.87,13.1792717,00:53:00,0
319,5,00:37:10,3.4972,2.283,8,26.3,3801.37,13.2019997,00:53:10,0
320,5,00:37:20,3.4971,2.261,7.9,26.3,3807.56,13.2236395,00:53:20,0
321,5,00:37:30,3.4972,2.239,7.8,26.3,3813.93,13.2459164,00:53:30,0
322,5,00:37:40,3.4971,2.214,7.7,26.3,3820.24,13.2679863,00:53:40,0
323,5,00:37:50,3.4972,2.195,7.7,26.3,3826.12,13.2885637,00:53:50,0
324,5,00:38:00,3.4971,2.175,7.6,26.3,3832.43,13.3106174,00:54:00,0
325,5,00:38:10,3.4972,2.154,7.5,26.3,3838.2,13.3308058,00:54:10,0
326,5,00:38:20,3.4971,2.133,7.5,26.3,3844.28,13.3520527,00:54:20,0
327,5,00:38:30,3.4972,2.114,7.4,26.3,3849.94,13.371851,00:54:30,0
328,5,00:38:40,3.4972,2.094,7.3,26.3,3855.9,13.3927011,00:54:40,0
329,5,00:38:50,3.4971,2.072,7.2,26.2,3861.92,13.413763,00:54:50,0
330,5,00:39:00,3.4971,2.055,7.2,26.2,3867.43,13.433032,00:55:00,0
331,5,00:39:10,3.4972,2.038,7.1,26.2,3873.34,13.4536915,00:55:10,0
332,5,00:39:20,3.4972,2.017,7.1,26.2,3878.75,13.4726105,00:55:20,0
333,5,00:39:30,3.4971,2,7,26.2,3884.55,13.4929094,00:55:30,0
334,5,00:39:40,3.4971,1.983,6.9,26.2,3889.75,13.5110884,00:55:40,0
335,5,00:39:50,3.4972,1.964,6.9,26.2,3895.45,13.5310259,00:55:50,0
336,5,00:40:00,3.4972,1.946,6.8,26.2,3901,13.5504112,00:56:00,0
337,5,00:40:10,3.4972,1.928,6.7,26.2,3906.16,13.5684881,00:56:10,0
338,5,00:40:20,3.4972,1.913,6.7,26.2,3911.71,13.5878887,00:56:20,0
339,5,00:40:30,3.4972,1.897,6.6,26.2,3916.79,13.6056528,00:56:30,0
340,5,00:40:40,3.4972,1.881,6.6,26.2,3922.25,13.6247244,00:56:40,0
341,5,00:40:50,3.4972,1.865,6.5,26.2,3927.34,13.6425371,00:56:50,0
342,5,00:41:00,3.4972,1.85,6.5,26.1,3932.4,13.6602154,00:57:00,0
343,5,00:41:10,3.4972,1.834,6.4,26.1,3937.61,13.6784363,00:57:10,0
344,5,00:41:20,3.4972,1.816,6.4,26.1,3942.78,13.696516,00:57:20,0
345,5,00:41:30,3.4972,1.802,6.3,26.1,3947.5,13.7130423,00:57:30,0
346,5,00:41:40,3.4972,1.786,6.2,26.1,3952.69,13.7311726,00:57:40,0
347,5,00:41:50,3.4972,1.773,6.2,26.1,3957.73,13.7488003,00:57:50,0
348,5,00:42:00,3.4972,1.759,6.2,26.1,3962.53,13.765605,00:58:00,0
349,5,00:42:10,3.4972,1.741,6.1,26.1,3967.49,13.7829514,00:58:10,0
350,5,00:42:20,3.4972,1.729,6,26.1,3972.22,13.7994757,00:58:20,0
351,5,00:42:30,3.4972,1.715,6,26,3977.09,13.816534,00:58:30,0
352,5,00:42:40,3.4972,1.7,5.9,26,3981.75,13.8328018,00:58:40,0
353,5,00:42:50,3.4972,1.688,5.9,26,3986.55,13.8495922,00:58:50,0
354,5,00:43:00,3.4972,1.675,5.9,26,3991.12,13.8655949,00:59:00,0
355,5,00:43:10,3.4972,1.661,5.8,26,3995.57,13.8811522,00:59:10,0
356,5,00:43:20,3.4972,1.648,5.8,26,4000.35,13.8978701,00:59:20,0
357,5,00:43:30,3.4972,1.637,5.7,26,4004.74,13.913208,00:59:30,0
358,5,00:43:40,3.4972,1.623,5.7,26,4009.44,13.9296637,00:59:40,0
359,5,00:43:50,3.4972,1.61,5.6,26,4013.75,13.944747,00:59:50,0
360,5,00:44:00,3.4972,1.598,5.6,26,4018.3,13.9606428,01:00:00,0
361,5,00:44:10,3.4972,1.586,5.5,26,4022.81,13.9764175,01:00:10,0
362,5,00:44:20,3.4972,1.574,5.5,25.9,4027.11,13.9914513,01:00:20,0
363,5,00:44:30,3.4972,1.563,5.5,25.9,4031.38,14.0063829,01:00:30,0
364,5,00:44:40,3.4972,1.549,5.4,25.9,4035.87,14.0220928,01:00:40,0
365,5,00:44:50,3.4972,1.54,5.4,25.9,4039.99,14.0365047,01:00:50,0
366,5,00:45:00,3.4972,1.524,5.3,25.9,4044.42,14.0519876,01:01:00,0
367,5,00:45:10,3.4972,1.516,5.3,25.9,4048.48,14.066186,01:01:10,0
368,5,00:45:20,3.4972,1.505,5.3,25.9,4052.84,14.0814533,01:01:20,0
369,5,00:45:30,3.4972,1.494,5.2,25.9,4056.84,14.0954437,01:01:30,0
370,5,00:45:40,3.4972,1.483,5.2,25.9,4061.14,14.1104803,01:01:40,0
371,5,00:45:50,3.4972,1.472,5.1,25.9,4065.17,14.124548,01:01:50,0
372,5,00:46:00,3.4972,1.463,5.1,25.9,4069.08,14.1382284,01:02:00,0
373,5,00:46:10,3.4972,1.451,5.1,25.9,4073.21,14.1526632,01:02:10,0
374,5,00:46:20,3.4972,1.441,5,25.8,4077.3,14.1669884,01:02:20,0
375,5,00:46:30,3.4972,1.431,5,25.8,4081.21,14.1806593,01:02:30,0
376,5,00:46:40,3.4972,1.419,5,25.8,4085.33,14.1950607,01:02:40,0
377,5,00:46:50,3.4972,1.41,4.9,25.8,4089.11,14.2082691,01:02:50,0
378,5,00:47:00,3.4972,1.401,4.9,25.8,4093.16,14.2224607,01:03:00,0
379,5,00:47:10,3.4972,1.391,4.9,25.8,4096.97,14.2357531,01:03:10,0
380,5,00:47:20,3.4972,1.381,4.8,25.8,4100.9,14.249506,01:03:20,0
381,5,00:47:30,3.4972,1.37,4.8,25.8,4104.64,14.2626076,01:03:30,0
382,5,00:47:40,3.4972,1.362,4.8,25.8,4108.29,14.2753563,01:03:40,0
383,5,00:47:50,3.4972,1.354,4.7,25.8,4112.21,14.289073,01:03:50,0
384,5,00:48:00,3.4972,1.346,4.7,25.7,4115.81,14.301651,01:04:00,0
385,5,00:48:10,3.4972,1.336,4.7,25.7,4119.68,14.3151932,01:04:10,0
386,5,00:48:20,3.4972,1.327,4.6,25.7,4123.3,14.3278589,01:04:20,0
387,5,00:48:30,3.4972,1.316,4.6,25.7,4127.04,14.3409424,01:04:30,0
388,5,00:48:40,3.4972,1.308,4.6,25.7,4130.61,14.3534346,01:04:40,0
389,5,00:48:50,3.4972,1.299,4.5,25.7,4134.31,14.3663559,01:04:50,0
390,5,00:49:00,3.4972,1.291,4.5,25.7,4137.83,14.378686,01:05:00,0
391,5,00:49:10,3.4972,1.282,4.5,25.7,4141.55,14.3916779,01:05:10,0
392,5,00:49:20,3.4972,1.273,4.5,25.7,4144.96,14.4035921,01:05:20,0
393,5,00:49:30,3.4972,1.263,4.4,25.7,4148.62,14.4164104,01:05:30,0
394,5,00:49:40,3.4972,1.257,4.4,25.7,4151.99,14.4281807,01:05:40,0
395,5,00:49:50,3.4972,1.247,4.4,25.7,4155.54,14.4405918,01:05:50,0
396,5,00:50:00,3.4972,1.242,4.3,25.7,4158.93,14.4524479,01:06:00,0
397,5,00:50:10,3.4972,1.231,4.3,25.6,4162.43,14.4646969,01:06:10,0
398,5,00:50:20,3.4972,1.225,4.3,25.6,4165.91,14.4768705,01:06:20,0
399,5,00:50:30,3.4972,1.217,4.3,25.6,4169.17,14.4882612,01:06:30,0
400,5,00:50:40,3.4972,1.209,4.2,25.6,4172.67,14.5005121,01:06:40,0
401,5,00:50:50,3.4972,1.201,4.2,25.6,4175.88,14.5117598,01:06:50,0
402,5,00:51:00,3.4972,1.193,4.2,25.6,4179.34,14.5238581,01:07:00,0
403,5,00:51:10,3.4972,1.187,4.1,25.6,4182.58,14.5351915,01:07:10,0
404,5,00:51:20,3.4972,1.18,4.1,25.6,4185.94,14.5469074,01:07:20,0
405,5,00:51:30,3.4972,1.172,4.1,25.6,4189.07,14.5578661,01:07:30,0
406,5,00:51:40,3.4972,1.163,4.1,25.5,4192.44,14.569664,01:07:40,0
407,5,00:51:50,3.4972,1.158,4,25.5,4195.54,14.580493,01:07:50,0
408,5,00:52:00,3.4972,1.15,4,25.5,4198.81,14.5919199,01:08:00,0
409,5,00:52:10,3.4972,1.142,4,25.5,4201.93,14.6028414,01:08:10,0
410,5,00:52:20,3.4972,1.135,4,25.5,4205.16,14.6141291,01:08:20,0
411,5,00:52:30,3.4972,1.13,4,25.5,4208.18,14.6246929,01:08:30,0
412,5,00:52:40,3.4972,1.123,3.9,25.5,4211.43,14.6360664,01:08:40,0
413,5,00:52:50,3.4972,1.115,3.9,25.5,4214.48,14.6467171,01:08:50,0
414,5,00:53:00,3.4972,1.108,3.9,25.5,4217.62,14.657732,01:09:00,0
415,5,00:53:10,3.4972,1.103,3.9,25.5,4220.57,14.6680422,01:09:10,0
416,5,00:53:20,3.4972,1.095,3.8,25.5,4223.75,14.679143,01:09:20,0
417,5,00:53:30,3.4972,1.089,3.8,25.5,4226.66,14.6893291,01:09:30,0
418,5,00:53:40,3.4972,1.082,3.8,25.5,4229.74,14.7000923,01:09:40,0
419,5,00:53:50,3.4972,1.078,3.8,25.5,4232.8,14.7107821,01:09:50,0
420,5,00:54:00,3.4972,1.07,3.7,25.4,4235.72,14.7209959,01:10:00,0
421,5,00:54:10,3.4972,1.064,3.7,25.4,4238.8,14.7317686,01:10:10,0
422,5,00:54:20,3.4972,1.058,3.7,25.4,4241.62,14.7416592,01:10:20,0
423,5,00:54:30,3.4972,1.051,3.7,25.4,4244.67,14.7523069,01:10:30,0
424,5,00:54:40,3.4972,1.045,3.7,25.4,4247.46,14.762084,01:10:40,0
425,5,00:54:50,3.4972,1.039,3.6,25.4,4250.42,14.7724066,01:10:50,0
426,5,00:55:00,3.4972,1.033,3.6,25.4,4253.18,14.782073,01:11:00,0
427,5,00:55:10,3.4972,1.027,3.6,25.4,4255.98,14.7918816,01:11:10,0
428,5,00:55:20,3.4972,1.022,3.6,25.4,4258.94,14.8022308,01:11:20,0
429,5,00:55:30,3.4972,1.015,3.5,25.4,4261.83,14.8123217,01:11:30,0
430,5,00:55:40,3.4972,1.01,3.5,25.4,4264.59,14.8219585,01:11:40,0
431,5,00:55:50,3.4972,1.004,3.5,25.4,4267.44,14.8319407,01:11:50,0
432,5,00:56:00,3.4972,0.997,3.5,25.3,4270.12,14.8413019,01:12:00,0
433,5,00:56:10,3.4972,0.993,3.5,25.3,4272.93,14.8511381,01:12:10,0
434,5,00:56:20,3.4972,0.987,3.5,25.3,4275.57,14.8603754,01:12:20,0
435,5,00:56:30,3.4972,0.982,3.4,25.3,4278.47,14.8705168,01:12:30,0
436,5,00:56:40,3.4972,0.976,3.4,25.3,4281.08,14.8796549,01:12:40,0
437,5,00:56:50,3.4972,0.97,3.4,25.3,4283.89,14.8894815,01:12:50,0
438,5,00:57:00,3.4972,0.966,3.4,25.3,4286.48,14.8985167,01:13:00,0
439,5,00:57:10,3.4972,0.961,3.4,25.3,4289.26,14.9082527,01:13:10,0
440,5,00:57:20,3.4972,0.956,3.3,25.3,4291.82,14.9171925,01:13:20,0
441,5,00:57:30,3.4972,0.95,3.3,25.3,4294.52,14.9266281,01:13:30,0
442,5,00:57:40,3.4972,0.947,3.3,25.3,4297.1,14.9356527,01:13:40,0
443,5,00:57:50,3.4972,0.94,3.3,25.3,4299.77,14.9449863,01:13:50,0
444,5,00:58:00,3.4972,0.933,3.3,25.3,4302.32,14.9539137,01:14:00,0
445,5,00:58:10,3.4972,0.93,3.3,25.3,4305.01,14.9633379,01:14:10,0
446,5,00:58:20,3.4972,0.924,3.2,25.3,4307.54,14.9721661,01:14:20,0
447,5,00:58:30,3.4972,0.919,3.2,25.2,4310.15,14.981308,01:14:30,0
448,5,00:58:40,3.4972,0.914,3.2,25.2,4312.6,14.9898691,01:14:40,0
449,5,00:58:50,3.4972,0.911,3.2,25.2,4315.23,14.9990778,01:14:50,0
450,5,00:59:00,3.4972,0.906,3.2,25.2,4317.65,15.0075426,01:15:00,0
451,5,00:59:10,3.4972,0.901,3.2,25.2,4320.21,15.0164862,01:15:10,0
452,5,00:59:20,3.4972,0.896,3.1,25.2,4322.61,15.0248642,01:15:20,0
453,5,00:59:30,3.4972,0.89,3.1,25.2,4325.24,15.0340614,01:15:30,0
454,5,00:59:40,3.4972,0.887,3.1,25.2,4327.61,15.0423517,01:15:40,0
455,5,00:59:50,3.4972,0.881,3.1,25.2,4330.16,15.0512791,01:15:50,0
456,5,01:00:00,3.4972,0.877,3.1,25.2,4332.51,15.0594864,01:16:00,0
457,5,01:00:10,3.4972,0.873,3.1,25.2,4334.98,15.0681543,01:16:10,0
458,5,01:00:20,3.4972,0.868,3,25.2,4337.31,15.0762777,01:16:20,0
459,5,01:00:30,3.4972,0.863,3,25.2,4339.72,15.0847025,01:16:30,0
460,5,01:00:40,3.4972,0.858,3,25.2,4342.16,15.0932398,01:16:40,0
461,5,01:00:50,3.4972,0.855,3,25.2,4344.63,15.1018925,01:16:50,0
462,5,01:01:00,3.4972,0.85,3,25.1,4346.95,15.1100016,01:17:00,0
463,5,01:01:10,3.4972,0.847,3,25.1,4349.35,15.1184092,01:17:10,0
464,5,01:01:20,3.4972,0.842,2.9,25.1,4351.7,15.1266012,01:17:20,0
465,5,01:01:30,3.4972,0.838,2.9,25.1,4353.94,15.1344481,01:17:30,0
466,5,01:01:40,3.4972,0.832,2.9,25.1,4356.31,15.1427183,01:17:40,0
467,5,01:01:50,3.4972,0.829,2.9,25.1,4358.57,15.1506357,01:17:50,0
468,5,01:02:00,3.4972,0.825,2.9,25.1,4360.96,15.158987,01:18:00,0
469,5,01:02:10,3.4972,0.821,2.9,25.1,4363.15,15.1666622,01:18:10,0
470,5,01:02:20,3.4972,0.817,2.9,25.1,4365.43,15.174614,01:18:20,0
471,5,01:02:30,3.4972,0.812,2.8,25.1,4367.78,15.1828413,01:18:30,0
472,5,01:02:40,3.4972,0.808,2.8,25.1,4369.94,15.1904078,01:18:40,0
473,5,01:02:50,3.4972,0.806,2.8,25.1,4372.23,15.1983986,01:18:50,0
474,5,01:03:00,3.4972,0.801,2.8,25.1,4374.37,15.2058859,01:19:00,0
475,5,01:03:10,3.4972,0.797,2.8,25.1,4376.59,15.2136488,01:19:10,0
476,5,01:03:20,3.4972,0.793,2.8,25.1,4378.88,15.2216721,01:19:20,0
477,5,01:03:30,3.4972,0.79,2.8,25.1,4381,15.2290564,01:19:30,0
478,5,01:03:40,3.4972,0.785,2.7,25.1,4383.23,15.2368555,01:19:40,0
479,5,01:03:50,3.4972,0.781,2.7,25,4385.36,15.2443161,01:19:50,0
480,5,01:04:00,3.4972,0.778,2.7,25,4387.61,15.2521954,01:20:00,0
481,5,01:04:10,3.4972,0.774,2.7,25,4389.77,15.2597303,01:20:10,0
482,5,01:04:20,3.4972,0.77,2.7,25,4391.83,15.2669306,01:20:20,0
483,5,01:04:30,3.4972,0.768,2.7,25,4394,15.2745476,01:20:30,0
484,5,01:04:40,3.4972,0.763,2.7,25,4396.09,15.2818336,01:20:40,0
485,5,01:04:50,3.4972,0.759,2.7,25,4398.25,15.2893782,01:20:50,0
486,5,01:05:00,3.4972,0.756,2.6,25,4400.31,15.2965927,01:21:00,0
487,5,01:05:10,3.4972,0.752,2.6,25,4402.49,15.3042088,01:21:10,0
488,5,01:05:16,3.4972,0.749,2.6,25,4403.82,15.3088789,01:21:16,EC
489,6,00:00:10,3.4585,0,0,25,0,0,01:21:26,0
490,6,00:00:20,3.4456,0,0,25,0,0,01:21:36,0
491,6,00:00:30,3.4346,0,0,25,0,0,01:21:46,0
492,6,00:00:40,3.4278,0,0,25,0,0,01:21:56,0
493,6,00:00:50,3.4201,0,0,25,0,0,01:22:06,0
494,6,00:01:00,3.4144,0,0,25,0,0,01:22:16,0
495,6,00:01:10,3.4095,0,0,25,0,0,01:22:26,0
496,6,00:01:20,3.4051,0,0,25,0,0,01:22:36,0
497,6,00:01:30,3.4012,0,0,25,0,0,01:22:46,0
498,6,00:01:40,3.3978,0,0,25,0,0,01:22:56,0
499,6,00:01:50,3.3947,0,0,25,0,0,01:23:06,0
500,6,00:02:00,3.3916,0,0,25,0,0,01:23:16,0
501,6,00:02:10,3.3895,0,0,25,0,0,01:23:26,0
502,6,00:02:20,3.3868,0,0,25,0,0,01:23:36,0
503,6,00:02:30,3.3848,0,0,24.9,0,0,01:23:46,0
504,6,00:02:40,3.383,0,0,24.9,0,0,01:23:56,0
505,6,00:02:50,3.3813,0,0,24.9,0,0,01:24:06,0
506,6,00:03:00,3.3797,0,0,24.9,0,0,01:24:16,0
507,6,00:03:10,3.378,0,0,24.9,0,0,01:24:26,0
508,6,00:03:20,3.3767,0,0,24.9,0,0,01:24:36,0
509,6,00:03:30,3.3755,0,0,24.9,0,0,01:24:46,0
510,6,00:03:40,3.3744,0,0,24.9,0,0,01:24:56,0
511,6,00:03:50,3.3733,0,0,24.9,0,0,01:25:06,0
512,6,00:04:00,3.3724,0,0,24.9,0,0,01:25:16,0
513,6,00:04:10,3.3713,0,0,24.9,0,0,01:25:26,0
514,6,00:04:20,3.3703,0,0,24.9,0,0,01:25:36,0
515,6,00:04:30,3.3695,0,0,24.9,0,0,01:25:46,0
516,6,00:04:40,3.3688,0,0,24.9,0,0,01:25:56,0
517,6,00:04:50,3.3681,0,0,24.9,0,0,01:26:06,0
518,6,00:05:00,3.3674,0,0,24.9,0,0,01:26:16,0
519,6,00:05:10,3.3666,0,0,24.9,0,0,01:26:26,0
520,6,00:05:20,3.366,0,0,24.9,0,0,01:26:36,0
521,6,00:05:30,3.3656,0,0,24.9,0,0,01:26:46,0
522,6,00:05:40,3.3649,0,0,24.9,0,0,01:26:56,0
523,6,00:05:50,3.3644,0,0,24.9,0,0,01:27:06,0
524,6,00:06:00,3.3639,0,0,24.8,0,0,01:27:16,0
525,6,00:06:10,3.3634,0,0,24.8,0,0,01:27:26,0
526,6,00:06:20,3.363,0,0,24.8,0,0,01:27:36,0
527,6,00:06:30,3.3625,0,0,24.8,0,0,01:27:46,0
528,6,00:06:40,3.3621,0,0,24.8,0,0,01:27:56,0
529,6,00:06:50,3.3616,0,0,24.8,0,0,01:28:06,0
530,6,00:07:00,3.3612,0,0,24.8,0,0,01:28:16,0
531,6,00:07:10,3.3608,0,0,24.8,0,0,01:28:26,0
532,6,00:07:20,3.3605,0,0,24.8,0,0,01:28:36,0
533,6,00:07:30,3.3602,0,0,24.8,0,0,01:28:46,0
534,6,00:07:40,3.3598,0,0,24.8,0,0,01:28:56,0
535,6,00:07:50,3.3595,0,0,24.8,0,0,01:29:06,0
536,6,00:08:00,3.3592,0,0,24.8,0,0,01:29:16,0
537,6,00:08:10,3.3589,0,0,24.8,0,0,01:29:26,0
538,6,00:08:20,3.3586,0,0,24.8,0,0,01:29:36,0
539,6,00:08:30,3.3583,0,0,24.8,0,0,01:29:46,0
540,6,00:08:40,3.3581,0,0,24.8,0,0,01:29:56,0
541,6,00:08:50,3.3578,0,0,24.8,0,0,01:30:06,0
542,6,00:09:00,3.3575,0,0,24.8,0,0,01:30:16,0
543,6,00:09:10,3.3573,0,0,24.8,0,0,01:30:26,0
544,6,00:09:20,3.3571,0,0,24.8,0,0,01:30:36,0
545,6,00:09:30,3.3568,0,0,24.8,0,0,01:30:46,0
546,6,00:09:40,3.3566,0,0,24.7,0,0,01:30:56,0
547,6,00:09:50,3.3564,0,0,24.7,0,0,01:31:06,0
548,6,00:10:00,3.3562,0,0,24.7,0,0,01:31:16,0
549,6,00:10:10,3.356,0,0,24.7,0,0,01:31:26,0
550,6,00:10:20,3.3558,0,0,24.7,0,0,01:31:36,0
551,6,00:10:30,3.3556,0,0,24.7,0,0,01:31:46,0
552,6,00:10:40,3.3554,0,0,24.7,0,0,01:31:56,0
553,6,00:10:50,3.3552,0,0,24.7,0,0,01:32:06,0
554,6,00:11:00,3.3551,0,0,24.7,0,0,01:32:16,0
555,6,00:11:10,3.3549,0,0,24.7,0,0,01:32:26,0
556,6,00:11:20,3.3547,0,0,24.7,0,0,01:32:36,0
557,6,00:11:30,3.3546,0,0,24.7,0,0,01:32:46,0
558,6,00:11:40,3.3544,0,0,24.7,0,0,01:32:56,0
559,6,00:11:50,3.3543,0,0,24.7,0,0,01:33:06,0
560,6,00:12:00,3.3541,0,0,24.7,0,0,01:33:16,0
561,6,00:12:10,3.3539,0,0,24.7,0,0,01:33:26,0
562,6,00:12:20,3.3538,0,0,24.7,0,0,01:33:36,0
563,6,00:12:30,3.3537,0,0,24.7,0,0,01:33:46,0
564,6,00:12:40,3.3535,0,0,24.7,0,0,01:33:56,0
565,6,00:12:50,3.3533,0,0,24.7,0,0,01:34:06,0
566,6,00:13:00,3.3531,0,0,24.7,0,0,01:34:16,0
567,6,00:13:10,3.353,0,0,24.7,0,0,01:34:26,0
568,6,00:13:20,3.3529,0,0,24.7,0,0,01:34:36,0
569,6,00:13:30,3.3528,0,0,24.7,0,0,01:34:46,0
570,6,00:13:40,3.3527,0,0,24.7,0,0,01:34:56,0
571,6,00:13:50,3.3525,0,0,24.7,0,0,01:35:06,0
572,6,00:14:00,3.3524,0,0,24.7,0,0,01:35:16,0
573,6,00:14:10,3.3523,0,0,24.7,0,0,01:35:26,0
574,6,00:14:20,3.3522,0,0,24.6,0,0,01:35:36,0
575,6,00:14:30,3.3521,0,0,24.6,0,0,01:35:46,0
576,6,00:14:40,3.352,0,0,24.6,0,0,01:35:56,0
577,6,00:14:50,3.3519,0,0,24.6,0,0,01:36:06,0
578,6,00:15:00,3.3518,0,0,24.6,0,0,01:36:16,0
579,6,00:15:10,3.3517,0,0,24.6,0,0,01:36:26,0
580,6,00:15:20,3.3516,0,0,24.6,0,0,01:36:36,0
581,6,00:15:30,3.3515,0,0,24.6,0,0,01:36:46,0
582,6,00:15:40,3.3514,0,0,24.6,0,0,01:36:56,0
583,6,00:15:50,3.3513,0,0,24.6,0,0,01:37:06,0
584,6,00:16:00,3.3512,0,0,24.6,0,0,01:37:16,0
585,6,00:16:10,3.3511,0,0,24.6,0,0,01:37:26,0
586,6,00:16:20,3.351,0,0,24.6,0,0,01:37:36,0
587,6,00:16:30,3.3509,0,0,24.6,0,0,01:37:46,0
588,6,00:16:40,3.3509,0,0,24.6,0,0,01:37:56,0
589,6,00:16:50,3.3508,0,0,24.6,0,0,01:38:06,0
590,6,00:17:00,3.3507,0,0,24.6,0,0,01:38:16,0
591,6,00:17:10,3.3506,0,0,24.6,0,0,01:38:26,0
592,6,00:17:20,3.3505,0,0,24.6,0,0,01:38:36,0
593,6,00:17:30,3.3505,0,0,24.6,0,0,01:38:46,0
594,6,00:17:40,3.3504,0,0,24.6,0,0,01:38:56,0
595,6,00:17:50,3.3503,0,0,24.6,0,0,01:39:06,0
596,6,00:18:00,3.3502,0,0,24.6,0,0,01:39:16,0
597,6,00:18:10,3.3502,0,0,24.6,0,0,01:39:26,0
598,6,00:18:20,3.3501,0,0,24.6,0,0,01:39:36,0
599,6,00:18:30,3.35,0,0,24.6,0,0,01:39:46,0
600,6,00:18:40,3.3499,0,0,24.6,0,0,01:39:56,0
601,6,00:18:50,3.3499,0,0,24.6,0,0,01:40:06,0
602,6,00:19:00,3.3498,0,0,24.6,0,0,01:40:16,0
603,6,00:19:10,3.3498,0,0,24.6,0,0,01:40:26,0
604,6,00:19:20,3.3497,0,0,24.6,0,0,01:40:36,0
605,6,00:19:30,3.3496,0,0,24.6,0,0,01:40:46,0
606,6,00:19:40,3.3496,0,0,24.6,0,0,01:40:56,0
607,6,00:19:50,3.3495,0,0,24.6,0,0,01:41:06,0
608,6,00:20:00,3.3494,0,0,24.6,0,0,01:41:16,0
609,6,00:20:10,3.3494,0,0,24.6,0,0,01:41:26,0
610,6,00:20:20,3.3493,0,0,24.6,0,0,01:41:36,0
611,6,00:20:30,3.3493,0,0,24.5,0,0,01:41:46,0
612,6,00:20:40,3.3492,0,0,24.5,0,0,01:41:56,0
613,6,00:20:50,3.3491,0,0,24.5,0,0,01:42:06,0
614,6,00:21:00,3.3491,0,0,24.5,0,0,01:42:16,0
615,6,00:21:10,3.349,0,0,24.5,0,0,01:42:26,0
616,6,00:21:20,3.349,0,0,24.5,0,0,01:42:36,0
617,6,00:21:30,3.3489,0,0,24.5,0,0,01:42:46,0
618,6,00:21:40,3.3489,0,0,24.5,0,0,01:42:56,0
619,6,00:21:50,3.3488,0,0,24.5,0,0,01:43:06,0
620,6,00:22:00,3.3488,0,0,24.5,0,0,01:43:16,0
621,6,00:22:10,3.3487,0,0,24.5,0,0,01:43:26,0
622,6,00:22:20,3.3487,0,0,24.5,0,0,01:43:36,0
623,6,00:22:30,3.3486,0,0,24.5,0,0,01:43:46,0
624,6,00:22:40,3.3486,0,0,24.5,0,0,01:43:56,0
625,6,00:22:50,3.3485,0,0,24.5,0,0,01:44:06,0
626,6,00:23:00,3.3485,0,0,24.5,0,0,01:44:16,0
627,6,00:23:10,3.3484,0,0,24.5,0,0,01:44:26,0
628,6,00:23:20,3.3484,0,0,24.5,0,0,01:44:36,0
629,6,00:23:30,3.3483,0,0,24.5,0,0,01:44:46,0
630,6,00:23:40,3.3483,0,0,24.5,0,0,01:44:56,0
631,6,00:23:50,3.3482,0,0,24.5,0,0,01:45:06,0
632,6,00:24:00,3.3482,0,0,24.5,0,0,01:45:16,0
633,6,00:24:10,3.3481,0,0,24.5,0,0,01:45:26,0
634,6,00:24:20,3.3481,0,0,24.5,0,0,01:45:36,0
635,6,00:24:30,3.348,0,0,24.5,0,0,01:45:46,0
636,6,00:24:40,3.348,0,0,24.5,0,0,01:45:56,0
637,6,00:24:50,3.348,0,0,24.5,0,0,01:46:06,0
638,6,00:25:00,3.3479,0,0,24.5,0,0,01:46:16,0
639,6,00:25:10,3.3479,0,0,24.5,0,0,01:46:26,0
640,6,00:25:20,3.3478,0,0,24.5,0,0,01:46:36,0
641,6,00:25:30,3.3478,0,0,24.5,0,0,01:46:46,0
642,6,00:25:40,3.3478,0,0,24.5,0,0,01:46:56,0
643,6,00:25:50,3.3477,0,0,24.5,0,0,01:47:06,0
644,6,00:26:00,3.3477,0,0,24.5,0,0,01:47:16,0
645,6,00:26:10,3.3476,0,0,24.5,0,0,01:47:26,0
646,6,00:26:20,3.3476,0,0,24.5,0,0,01:47:36,0
647,6,00:26:30,3.3476,0,0,24.5,0,0,01:47:46,0
648,6,00:26:40,3.3475,0,0,24.5,0,0,01:47:56,0
649,6,00:26:50,3.3475,0,0,24.5,0,0,01:48:06,0
650,6,00:27:00,3.3475,0,0,24.5,0,0,01:48:16,0
651,6,00:27:10,3.3474,0,0,24.5,0,0,01:48:26,0
652,6,00:27:20,3.3474,0,0,24.4,0,0,01:48:36,0
653,6,00:27:30,3.3473,0,0,24.4,0,0,01:48:46,0
654,6,00:27:40,3.3473,0,0,24.4,0,0,01:48:56,0
655,6,00:27:50,3.3473,0,0,24.4,0,0,01:49:06,0
656,6,00:28:00,3.3472,0,0,24.4,0,0,01:49:16,0
657,6,00:28:10,3.3472,0,0,24.4,0,0,01:49:26,0
658,6,00:28:20,3.3472,0,0,24.4,0,0,01:49:36,0
659,6,00:28:30,3.3471,0,0,24.4,0,0,01:49:46,0
660,6,00:28:40,3.3471,0,0,24.4,0,0,01:49:56,0
661,6,00:28:50,3.3471,0,0,24.4,0,0,01:50:06,0
662,6,00:29:00,3.3471,0,0,24.4,0,0,01:50:16,0
663,6,00:29:10,3.347,0,0,24.4,0,0,01:50:26,0
664,6,00:29:20,3.347,0,0,24.4,0,0,01:50:36,0
665,6,00:29:30,3.3469,0,0,24.4,0,0,01:50:46,0
666,6,00:29:40,3.3469,0,0,24.4,0,0,01:50:56,0
667,6,00:29:50,3.3469,0,0,24.4,0,0,01:51:06,0
668,6,00:30:00,3.3468,0,0,24.4,0,0,01:51:16,0
669,6,00:30:10,3.3468,0,0,24.4,0,0,01:51:26,0
670,6,00:30:20,3.3468,0,0,24.4,0,0,01:51:36,0
671,6,00:30:30,3.3468,0,0,24.4,0,0,01:51:46,0
672,6,00:30:40,3.3467,0,0,24.4,0,0,01:51:56,0
673,6,00:30:50,3.3467,0,0,24.4,0,0,01:52:06,0
674,6,00:31:00,3.3467,0,0,24.4,0,0,01:52:16,0
675,6,00:31:10,3.3466,0,0,24.4,0,0,01:52:26,0
676,6,00:31:20,3.3466,0,0,24.4,0,0,01:52:36,0
677,6,00:31:30,3.3466,0,0,24.4,0,0,01:52:46,0
678,6,00:31:40,3.3466,0,0,24.4,0,0,01:52:56,0
679,6,00:31:50,3.3465,0,0,24.4,0,0,01:53:06,0
680,6,00:32:00,3.3465,0,0,24.4,0,0,01:53:16,0
681,6,00:32:10,3.3465,0,0,24.4,0,0,01:53:26,0
682,6,00:32:20,3.3465,0,0,24.4,0,0,01:53:36,0
683,6,00:32:30,3.3464,0,0,24.4,0,0,01:53:46,0
684,6,00:32:40,3.3464,0,0,24.4,0,0,01:53:56,0
685,6,00:32:50,3.3464,0,0,24.4,0,0,01:54:06,0
686,6,00:33:00,3.3464,0,0,24.4,0,0,01:54:16,0
687,6,00:33:10,3.3463,0,0,24.4,0,0,01:54:26,0
688,6,00:33:20,3.3463,0,0,24.4,0,0,01:54:36,0
689,6,00:33:30,3.3463,0,0,24.4,0,0,01:54:46,0
690,6,00:33:40,3.3462,0,0,24.4,0,0,01:54:56,0
691,6,00:33:50,3.3462,0,0,24.4,0,0,01:55:06,0
692,6,00:34:00,3.3462,0,0,24.4,0,0,01:55:16,0
693,6,00:34:10,3.3462,0,0,24.4,0,0,01:55:26,0
694,6,00:34:20,3.3461,0,0,24.4,0,0,01:55:36,0
695,6,00:34:30,3.3461,0,0,24.4,0,0,01:55:46,0
696,6,00:34:40,3.3461,0,0,24.4,0,0,01:55:56,0
697,6,00:34:50,3.3461,0,0,24.4,0,0,01:56:06,0
698,6,00:35:00,3.346,0,0,24.4,0,0,01:56:16,0
699,6,00:35:10,3.346,0,0,24.4,0,0,01:56:26,0
700,6,00:35:20,3.346,0,0,24.4,0,0,01:56:36,0
701,6,00:35:30,3.346,0,0,24.3,0,0,01:56:46,0
702,6,00:35:40,3.3459,0,0,24.3,0,0,01:56:56,0
703,6,00:35:50,3.3459,0,0,24.3,0,0,01:57:06,0
704,6,00:36:00,3.3459,0,0,24.3,0,0,01:57:16,0
705,6,00:36:10,3.3459,0,0,24.3,0,0,01:57:26,0
706,6,00:36:20,3.3459,0,0,24.3,0,0,01:57:36,0
707,6,00:36:30,3.3458,0,0,24.3,0,0,01:57:46,0
708,6,00:36:40,3.3458,0,0,24.3,0,0,01:57:56,0
709,6,00:36:50,3.3458,0,0,24.3,0,0,01:58:06,0
710,6,00:37:00,3.3458,0,0,24.3,0,0,01:58:16,0
711,6,00:37:10,3.3458,0,0,24.3,0,0,01:58:26,0
712,6,00:37:20,3.3457,0,0,24.3,0,0,01:58:36,0
713,6,00:37:30,3.3457,0,0,24.3,0,0,01:58:46,0
714,6,00:37:40,3.3457,0,0,24.3,0,0,01:58:56,0
715,6,00:37:50,3.3457,0,0,24.3,0,0,01:59:06,0
716,6,00:38:00,3.3457,0,0,24.3,0,0,01:59:16,0
717,6,00:38:10,3.3456,0,0,24.3,0,0,01:59:26,0
718,6,00:38:20,3.3456,0,0,24.3,0,0,01:59:36,0
719,6,00:38:30,3.3456,0,0,24.3,0,0,01:59:46,0
720,6,00:38:40,3.3456,0,0,24.3,0,0,01:59:56,0
721,6,00:38:50,3.3456,0,0,24.3,0,0,02:00:06,0
722,6,00:39:00,3.3455,0,0,24.3,0,0,02:00:16,0
723,6,00:39:10,3.3455,0,0,24.3,0,0,02:00:26,0
724,6,00:39:20,3.3455,0,0,24.3,0,0,02:00:36,0
725,6,00:39:30,3.3455,0,0,24.3,0,0,02:00:46,0
726,6,00:39:40,3.3455,0,0,24.3,0,0,02:00:56,0
727,6,00:39:50,3.3455,0,0,24.3,0,0,02:01:06,0
728,6,00:40:00,3.3454,0,0,24.3,0,0,02:01:16,0
729,6,00:40:10,3.3454,0,0,24.3,0,0,02:01:26,0
730,6,00:40:20,3.3454,0,0,24.3,0,0,02:01:36,0
731,6,00:40:30,3.3454,0,0,24.3,0,0,02:01:46,0
732,6,00:40:40,3.3454,0,0,24.3,0,0,02:01:56,0
733,6,00:40:50,3.3453,0,0,24.3,0,0,02:02:06,0
734,6,00:41:00,3.3453,0,0,24.3,0,0,02:02:16,0
735,6,00:41:10,3.3453,0,0,24.3,0,0,02:02:26,0
736,6,00:41:20,3.3453,0,0,24.3,0,0,02:02:36,0
737,6,00:41:30,3.3453,0,0,24.3,0,0,02:02:46,0
738,6,00:41:40,3.3452,0,0,24.3,0,0,02:02:56,0
739,6,00:41:50,3.3452,0,0,24.3,0,0,02:03:06,0
740,6,00:42:00,3.3452,0,0,24.3,0,0,02:03:16,0
741,6,00:42:10,3.3452,0,0,24.3,0,0,02:03:26,0
742,6,00:42:20,3.3452,0,0,24.3,0,0,02:03:36,0
743,6,00:42:30,3.3452,0,0,24.3,0,0,02:03:46,0
744,6,00:42:40,3.3452,0,0,24.3,0,0,02:03:56,0
745,6,00:42:50,3.3451,0,0,24.3,0,0,02:04:06,0
746,6,00:43:00,3.3451,0,0,24.3,0,0,02:04:16,0
747,6,00:43:10,3.3451,0,0,24.3,0,0,02:04:26,0
748,6,00:43:20,3.3451,0,0,24.3,0,0,02:04:36,0
749,6,00:43:30,3.3451,0,0,24.3,0,0,02:04:46,0
750,6,00:43:40,3.3451,0,0,24.3,0,0,02:04:56,0
751,6,00:43:50,3.3449,0,0,24.3,0,0,02:05:06,0
752,6,00:44:00,3.3449,0,0,24.3,0,0,02:05:16,0
753,6,00:44:10,3.3449,0,0,24.3,0,0,02:05:26,0
754,6,00:44:20,3.3449,0,0,24.3,0,0,02:05:36,0
755,6,00:44:30,3.3449,0,0,24.3,0,0,02:05:46,0
756,6,00:44:40,3.3449,0,0,24.3,0,0,02:05:56,0
757,6,00:44:50,3.3448,0,0,24.3,0,0,02:06:06,0
758,6,00:45:00,3.3448,0,0,24.3,0,0,02:06:16,0
759,6,00:45:10,3.3448,0,0,24.3,0,0,02:06:26,0
760,6,00:45:20,3.3448,0,0,24.3,0,0,02:06:36,0
761,6,00:45:30,3.3448,0,0,24.3,0,0,02:06:46,0
762,6,00:45:40,3.3448,0,0,24.3,0,0,02:06:56,0
763,6,00:45:50,3.3448,0,0,24.3,0,0,02:07:06,0
764,6,00:46:00,3.3447,0,0,24.3,0,0,02:07:16,0
765,6,00:46:10,3.3447,0,0,24.3,0,0,02:07:26,0
766,6,00:46:20,3.3447,0,0,24.3,0,0,02:07:36,0
767,6,00:46:30,3.3447,0,0,24.3,0,0,02:07:46,0
768,6,00:46:40,3.3447,0,0,24.3,0,0,02:07:56,0
769,6,00:46:50,3.3447,0,0,24.3,0,0,02:08:06,0
770,6,00:47:00,3.3447,0,0,24.2,0,0,02:08:16,0
771,6,00:47:10,3.3446,0,0,24.2,0,0,02:08:26,0
772,6,00:47:20,3.3446,0,0,24.3,0,0,02:08:36,0
773,6,00:47:30,3.3446,0,0,24.3,0,0,02:08:46,0
774,6,00:47:40,3.3446,0,0,24.3,0,0,02:08:56,0
775,6,00:47:50,3.3446,0,0,24.3,0,0,02:09:06,0
776,6,00:48:00,3.3446,0,0,24.2,0,0,02:09:16,0
777,6,00:48:10,3.3446,0,0,24.2,0,0,02:09:26,0
778,6,00:48:20,3.3446,0,0,24.2,0,0,02:09:36,0
779,6,00:48:30,3.3445,0,0,24.2,0,0,02:09:46,0
780,6,00:48:40,3.3445,0,0,24.2,0,0,02:09:56,0
781,6,00:48:50,3.3445,0,0,24.2,0,0,02:10:06,0
782,6,00:49:00,3.3445,0,0,24.2,0,0,02:10:16,0
783,6,00:49:10,3.3445,0,0,24.2,0,0,02:10:26,0
784,6,00:49:20,3.3445,0,0,24.2,0,0,02:10:36,0
785,6,00:49:30,3.3445,0,0,24.2,0,0,02:10:46,0
786,6,00:49:40,3.3444,0,0,24.2,0,0,02:10:56,0
787,6,00:49:50,3.3444,0,0,24.2,0,0,02:11:06,0
788,6,00:50:00,3.3444,0,0,24.2,0,0,02:11:16,0
789,6,00:50:10,3.3444,0,0,24.2,0,0,02:11:26,0
790,6,00:50:20,3.3444,0,0,24.2,0,0,02:11:36,0
791,6,00:50:30,3.3444,0,0,24.2,0,0,02:11:46,0
792,6,00:50:40,3.3444,0,0,24.2,0,0,02:11:56,0
793,6,00:50:50,3.3444,0,0,24.2,0,0,02:12:06,0
794,6,00:51:00,3.3444,0,0,24.2,0,0,02:12:16,0
795,6,00:51:10,3.3443,0,0,24.2,0,0,02:12:26,0
796,6,00:51:20,3.3443,0,0,24.2,0,0,02:12:36,0
797,6,00:51:30,3.3443,0,0,24.2,0,0,02:12:46,0
798,6,00:51:40,3.3443,0,0,24.2,0,0,02:12:56,0
799,6,00:51:50,3.3443,0,0,24.2,0,0,02:13:06,0
800,6,00:52:00,3.3443,0,0,24.2,0,0,02:13:16,0
801,6,00:52:10,3.3443,0,0,24.2,0,0,02:13:26,0
802,6,00:52:20,3.3443,0,0,24.2,0,0,02:13:36,0
803,6,00:52:30,3.3443,0,0,24.2,0,0,02:13:46,0
804,6,00:52:40,3.3442,0,0,24.2,0,0,02:13:56,0
805,6,00:52:50,3.3442,0,0,24.2,0,0,02:14:06,0
806,6,00:53:00,3.3442,0,0,24.2,0,0,02:14:16,0
807,6,00:53:10,3.3442,0,0,24.2,0,0,02:14:26,0
808,6,00:53:20,3.3442,0,0,24.2,0,0,02:14:36,0
809,6,00:53:30,3.3442,0,0,24.2,0,0,02:14:46,0
810,6,00:53:40,3.3442,0,0,24.2,0,0,02:14:56,0
811,6,00:53:50,3.3442,0,0,24.2,0,0,02:15:06,0
812,6,00:54:00,3.3442,0,0,24.2,0,0,02:15:16,0
813,6,00:54:10,3.3441,0,0,24.2,0,0,02:15:26,0
814,6,00:54:20,3.3441,0,0,24.2,0,0,02:15:36,0
815,6,00:54:30,3.3441,0,0,24.2,0,0,02:15:46,0
816,6,00:54:40,3.3441,0,0,24.2,0,0,02:15:56,0
817,6,00:54:50,3.3441,0,0,24.2,0,0,02:16:06,0
818,6,00:55:00,3.3441,0,0,24.2,0,0,02:16:16,0
819,6,00:55:10,3.3441,0,0,24.2,0,0,02:16:26,0
820,6,00:55:20,3.344,0,0,24.2,0,0,02:16:36,0
821,6,00:55:30,3.344,0,0,24.2,0,0,02:16:46,0
822,6,00:55:40,3.3441,0,0,24.2,0,0,02:16:56,0
823,6,00:55:50,3.344,0,0,24.2,0,0,02:17:06,0
824,6,00:56:00,3.344,0,0,24.2,0,0,02:17:16,0
825,6,00:56:10,3.344,0,0,24.2,0,0,02:17:26,0
826,6,00:56:20,3.344,0,0,24.2,0,0,02:17:36,0
827,6,00:56:30,3.344,0,0,24.2,0,0,02:17:46,0
828,6,00:56:40,3.344,0,0,24.2,0,0,02:17:56,0
829,6,00:56:50,3.344,0,0,24.2,0,0,02:18:06,0
830,6,00:57:00,3.3439,0,0,24.2,0,0,02:18:16,0
831,6,00:57:10,3.3439,0,0,24.2,0,0,02:18:26,0
832,6,00:57:20,3.3439,0,0,24.2,0,0,02:18:36,0
833,6,00:57:30,3.3439,0,0,24.2,0,0,02:18:46,0
834,6,00:57:40,3.3439,0,0,24.2,0,0,02:18:56,0
835,6,00:57:50,3.3439,0,0,24.2,0,0,02:19:06,0
836,6,00:58:00,3.3439,0,0,24.2,0,0,02:19:16,0
837,6,00:58:10,3.3439,0,0,24.2,0,0,02:19:26,0
838,6,00:58:20,3.3439,0,0,24.2,0,0,02:19:36,0
839,6,00:58:30,3.3439,0,0,24.2,0,0,02:19:46,0
840,6,00:58:40,3.3438,0,0,24.2,0,0,02:19:56,0
841,6,00:58:50,3.3438,0,0,24.2,0,0,02:20:06,0
842,6,00:59:00,3.3438,0,0,24.2,0,0,02:20:16,0
843,6,00:59:10,3.3438,0,0,24.2,0,0,02:20:26,0
844,6,00:59:20,3.3438,0,0,24.2,0,0,02:20:36,0
845,6,00:59:30,3.3438,0,0,24.2,0,0,02:20:46,0
846,6,00:59:40,3.3438,0,0,24.2,0,0,02:20:56,0
847,6,00:59:50,3.3438,0,0,24.2,0,0,02:21:06,0
848,6,01:00:00,3.3438,0,0,24.2,0,0,02:21:16,Time
849,7,00:00:10,3.2679,7.493,24.5,24.2,18.73,0.0614023,02:21:26,0
850,7,00:00:20,3.2585,7.493,24.4,24.2,39.14,0.1279605,02:21:36,0
851,7,00:00:30,3.2537,7.493,24.4,24.2,60.37,0.197091,02:21:46,0
852,7,00:00:40,3.2509,7.493,24.4,24.2,80.36,0.262092,02:21:56,0
853,7,00:00:50,3.2491,7.493,24.3,24.2,101.59,0.3310962,02:22:06,0
854,7,00:01:00,3.2478,7.492,24.3,24.2,121.57,0.3960073,02:22:16,0
855,7,00:01:10,3.2468,7.493,24.3,24.2,143.22,0.4663144,02:22:26,0
856,7,00:01:20,3.246,7.493,24.3,24.2,163.21,0.5311975,02:22:36,0
857,7,00:01:30,3.2454,7.492,24.3,24.2,184.86,0.6014681,02:22:46,0
858,7,00:01:40,3.2449,7.492,24.3,24.3,206.11,0.6704356,02:22:56,0
859,7,00:01:50,3.2445,7.492,24.3,24.3,226.51,0.7366271,02:23:06,0
860,7,00:02:00,3.2442,7.492,24.3,24.3,246.91,0.8028004,02:23:16,0
861,7,00:02:10,3.2438,7.492,24.3,24.3,268.14,0.871673,02:23:26,0
862,7,00:02:20,3.2436,7.492,24.3,24.3,288.12,0.9364811,02:23:36,0
863,7,00:02:30,3.2433,7.492,24.3,24.3,309.77,1.0067085,02:23:46,0
864,7,00:02:40,3.2431,7.492,24.3,24.3,331.01,1.0755862,02:23:56,0
865,7,00:02:50,3.2428,7.492,24.3,24.3,350.99,1.1403879,02:24:06,0
866,7,00:03:00,3.2426,7.492,24.3,24.3,372.64,1.2105848,02:24:16,0
867,7,00:03:10,3.2425,7.492,24.3,24.4,392.62,1.2753718,02:24:26,0
868,7,00:03:20,3.2423,7.492,24.3,24.4,413.85,1.3442044,02:24:36,0
869,7,00:03:30,3.2421,7.492,24.3,24.4,434.25,1.4103541,02:24:46,0
870,7,00:03:40,3.2419,7.492,24.3,24.4,455.9,1.4805329,02:24:56,0
871,7,00:03:50,3.2418,7.492,24.3,24.4,475.88,1.5453254,02:25:06,0
872,7,00:04:00,3.2416,7.492,24.3,24.4,497.53,1.6155028,02:25:16,0
873,7,00:04:10,3.2415,7.492,24.3,24.4,518.35,1.6829753,02:25:26,0
874,7,00:04:20,3.2414,7.492,24.3,24.4,538.76,1.749126,02:25:36,0
875,7,00:04:30,3.2412,7.492,24.3,24.5,559.99,1.8179512,02:25:46,0
876,7,00:04:40,3.2411,7.492,24.3,24.5,579.97,1.8827183,02:25:56,0
877,7,00:04:50,3.2409,7.492,24.3,24.5,601.21,1.9515322,02:26:06,0
878,7,00:05:00,3.2408,7.492,24.3,24.5,621.6,2.0176389,02:26:16,0
879,7,00:05:10,3.2407,7.492,24.3,24.5,642.84,2.0864465,02:26:26,0
880,7,00:05:20,3.2406,7.492,24.3,24.5,662.83,2.1512258,02:26:36,0
881,7,00:05:30,3.2405,7.492,24.3,24.5,684.47,2.2213724,02:26:46,0
882,7,00:05:40,3.2404,7.492,24.3,24.5,704.45,2.2861114,02:26:56,0
883,7,00:05:50,3.2402,7.492,24.3,24.6,726.52,2.3576205,02:27:06,0
884,7,00:06:00,3.2401,7.492,24.3,24.6,746.92,2.4237225,02:27:16,0
885,7,00:06:10,3.24,7.492,24.3,24.6,768.15,2.4925203,02:27:26,0
886,7,00:06:20,3.2399,7.492,24.3,24.6,788.14,2.5572729,02:27:36,0
887,7,00:06:30,3.2398,7.492,24.3,24.6,809.38,2.6260688,02:27:46,0
888,7,00:06:40,3.2397,7.492,24.3,24.6,829.37,2.6908448,02:27:56,0
889,7,00:06:50,3.2396,7.492,24.3,24.6,850.6,2.7596154,02:28:06,0
890,7,00:07:00,3.2394,7.492,24.3,24.6,871.83,2.8284011,02:28:16,0
891,7,00:07:10,3.2393,7.492,24.3,24.7,891.82,2.8931382,02:28:26,0
892,7,00:07:20,3.2392,7.492,24.3,24.7,913.05,2.9619169,02:28:36,0
893,7,00:07:30,3.2391,7.492,24.3,24.7,934.7,3.0320399,02:28:46,0
894,7,00:07:40,3.239,7.492,24.3,24.7,954.27,3.095427,02:28:56,0
895,7,00:07:50,3.2389,7.492,24.3,24.7,975.91,3.1655357,02:29:06,0
896,7,00:08:00,3.2388,7.492,24.3,24.7,996.32,3.2316191,02:29:16,0
897,7,00:08:10,3.2387,7.492,24.3,24.7,1017.56,3.3004107,02:29:26,0
898,7,00:08:20,3.2386,7.492,24.3,24.7,1038.79,3.3691573,02:29:36,0
899,7,00:08:30,3.2385,7.492,24.3,24.8,1059.19,3.4352226,02:29:46,0
900,7,00:08:40,3.2384,7.492,24.3,24.8,1080.43,3.504015,02:29:56,0
901,7,00:08:50,3.2383,7.492,24.3,24.8,1100.84,3.5700996,02:30:06,0
902,7,00:09:00,3.238,7.492,24.3,24.8,1120.82,3.6348116,02:30:16,0
903,7,00:09:10,3.2379,7.492,24.3,24.8,1142.89,3.7062619,02:30:26,0
904,7,00:09:20,3.2378,7.492,24.3,24.8,1163.29,3.7723217,02:30:36,0
905,7,00:09:30,3.2377,7.492,24.3,24.8,1183.27,3.8370178,02:30:46,0
906,7,00:09:40,3.2376,7.492,24.3,24.8,1204.09,3.9044151,02:30:56,0
907,7,00:09:50,3.2375,7.492,24.3,24.9,1225.73,3.9745033,02:31:06,0
908,7,00:10:00,3.2374,7.492,24.3,24.9,1246.13,4.0405264,02:31:16,0
909,7,00:10:10,3.2373,7.492,24.3,24.9,1267.78,4.1106153,02:31:26,0
910,7,00:10:20,3.2372,7.492,24.3,24.9,1287.76,4.1753144,02:31:36,0
911,7,00:10:30,3.237,7.492,24.3,24.9,1309.41,4.2453828,02:31:46,0
912,7,00:10:40,3.2369,7.492,24.3,24.9,1329.39,4.3100538,02:31:56,0
913,7,00:10:50,3.2368,7.492,24.3,24.9,1350.62,4.3787827,02:32:06,0
914,7,00:11:00,3.2367,7.492,24.2,24.9,1371.02,4.4448051,02:32:16,0
915,7,00:11:10,3.2366,7.492,24.2,24.9,1392.67,4.5148916,02:32:26,0
916,7,00:11:20,3.2365,7.492,24.2,25,1412.65,4.579566,02:32:36,0
917,7,00:11:30,3.2364,7.492,24.2,25,1434.31,4.6496406,02:32:46,0
918,7,00:11:40,3.2363,7.492,24.2,25,1454.29,4.7143192,02:32:56,0
919,7,00:11:50,3.2362,7.492,24.2,25,1475.52,4.7830229,02:33:06,0
920,7,00:12:00,3.236,7.492,24.2,25,1495.53,4.8477826,02:33:16,0
921,7,00:12:10,3.2359,7.492,24.2,25,1516.35,4.9151397,02:33:26,0
922,7,00:12:20,3.2358,7.492,24.2,25,1537.58,4.9838543,02:33:36,0
923,7,00:12:30,3.2357,7.492,24.2,25,1557.57,5.0485282,02:33:46,0
924,7,00:12:40,3.2356,7.492,24.2,25.1,1579.21,5.1185679,02:33:56,0
925,7,00:12:50,3.2355,7.492,24.2,25.1,1599.2,5.1832209,02:34:06,0
926,7,00:13:00,3.2354,7.492,24.2,25.1,1620.43,5.2519317,02:34:16,0
927,7,00:13:10,3.2353,7.492,24.2,25.1,1642.08,5.3219552,02:34:26,0
928,7,00:13:20,3.2351,7.492,24.2,25.1,1662.48,5.387958,02:34:36,0
929,7,00:13:30,3.235,7.492,24.2,25.1,1683.71,5.4566574,02:34:46,0
930,7,00:13:40,3.2349,7.492,24.2,25.1,1703.7,5.5213127,02:34:56,0
931,7,00:13:50,3.2348,7.492,24.2,25.1,1724.52,5.5886536,02:35:06,0
932,7,00:14:00,3.2347,7.492,24.2,25.1,1745.75,5.6573339,02:35:16,0
933,7,00:14:10,3.2346,7.492,24.2,25.2,1766.16,5.7233481,02:35:26,0
934,7,00:14:20,3.2344,7.492,24.2,25.2,1787.82,5.7934012,02:35:36,0
935,7,00:14:30,3.2343,7.492,24.2,25.2,1807.8,5.8580432,02:35:46,0
936,7,00:14:40,3.2342,7.492,24.2,25.2,1829.04,5.926722,02:35:56,0
937,7,00:14:50,3.2341,7.492,24.2,25.2,1850.27,5.9953871,02:36:06,0
938,7,00:15:00,3.234,7.492,24.2,25.2,1870.67,6.0613575,02:36:16,0
939,7,00:15:10,3.2339,7.492,24.2,25.2,1890.65,6.1259942,02:36:26,0
940,7,00:15:20,3.2337,7.492,24.2,25.2,1912.3,6.1959949,02:36:36,0
941,7,00:15:30,3.2336,7.492,24.2,25.2,1932.29,6.2606235,02:36:46,0
942,7,00:15:40,3.2335,7.492,24.2,25.2,1953.94,6.3306403,02:36:56,0
943,7,00:15:50,3.2334,7.492,24.2,25.3,1975.17,6.3992815,02:37:06,0
944,7,00:16:00,3.2332,7.492,24.2,25.3,1995.57,6.4652505,02:37:16,0
945,7,00:16:10,3.2331,7.492,24.2,25.3,2015.56,6.5298581,02:37:26,0
946,7,00:16:20,3.233,7.492,24.2,25.3,2037.21,6.5998693,02:37:36,0
947,7,00:16:30,3.2329,7.492,24.2,25.3,2058.44,6.6685123,02:37:46,0
948,7,00:16:40,3.2327,7.492,24.2,25.3,2078.43,6.7331133,02:37:56,0
949,7,00:16:50,3.2326,7.492,24.2,25.3,2100.08,6.8031034,02:38:06,0
950,7,00:17:00,3.2325,7.492,24.2,25.3,2120.06,6.8677011,02:38:16,0
951,7,00:17:10,3.2324,7.492,24.2,25.3,2141.71,6.9376693,02:38:26,0
952,7,00:17:20,3.2322,7.492,24.2,25.3,2161.7,7.0023084,02:38:36,0
953,7,00:17:30,3.2321,7.492,24.2,25.4,2183.34,7.0722461,02:38:46,0
954,7,00:17:40,3.232,7.492,24.2,25.4,2203.32,7.1368246,02:38:56,0
955,7,00:17:50,3.2318,7.492,24.2,25.4,2224.56,7.2054434,02:39:06,0
956,7,00:18:00,3.2317,7.492,24.2,25.4,2245.79,7.2740731,02:39:16,0
957,7,00:18:10,3.2315,7.492,24.2,25.4,2266.19,7.3400021,02:39:26,0
958,7,00:18:20,3.2314,7.492,24.2,25.4,2286.17,7.4045601,02:39:36,0
959,7,00:18:30,3.2313,7.492,24.2,25.4,2307.41,7.4731908,02:39:46,0
960,7,00:18:40,3.2311,7.492,24.2,25.4,2329.06,7.5431256,02:39:56,0
961,7,00:18:50,3.231,7.492,24.2,25.4,2349.46,7.6090355,02:40:06,0
962,7,00:19:00,3.2309,7.492,24.2,25.4,2370.69,7.6776562,02:40:16,0
963,7,00:19:10,3.2307,7.492,24.2,25.4,2391.09,7.7435532,02:40:26,0
964,7,00:19:20,3.2306,7.492,24.2,25.5,2412.34,7.8122029,02:40:36,0
965,7,00:19:30,3.2304,7.492,24.2,25.5,2432.32,7.8767576,02:40:46,0
966,7,00:19:40,3.2303,7.492,24.2,25.5,2453.99,7.9467392,02:40:56,0
967,7,00:19:50,3.2301,7.492,24.2,25.5,2473.55,8.009944,02:41:06,0
968,7,00:20:00,3.23,7.492,24.2,25.5,2495.2,8.0798597,02:41:16,0
969,7,00:20:10,3.2298,7.492,24.2,25.5,2515.6,8.1457434,02:41:26,0
970,7,00:20:20,3.2297,7.492,24.2,25.5,2536.83,8.2143145,02:41:36,0
971,7,00:20:30,3.2294,7.492,24.2,25.5,2557.23,8.2801857,02:41:46,0
972,7,00:20:40,3.2293,7.492,24.2,25.5,2578.46,8.3487425,02:41:56,0
973,7,00:20:50,3.2291,7.492,24.2,25.5,2599.69,8.4173126,02:42:06,0
974,7,00:21:00,3.2289,7.492,24.2,25.5,2619.67,8.4818296,02:42:16,0
975,7,00:21:10,3.2288,7.492,24.2,25.6,2641.31,8.5517149,02:42:26,0
976,7,00:21:20,3.2286,7.492,24.2,25.6,2661.3,8.6162386,02:42:36,0
977,7,00:21:30,3.2284,7.492,24.2,25.6,2682.55,8.6848583,02:42:46,0
978,7,00:21:40,3.2283,7.492,24.2,25.6,2702.53,8.7493658,02:42:56,0
979,7,00:21:50,3.2281,7.492,24.2,25.6,2724.18,8.8192482,02:43:06,0
980,7,00:22:00,3.2279,7.492,24.2,25.6,2745.42,8.8878021,02:43:16,0
981,7,00:22:10,3.2277,7.492,24.2,25.6,2765.4,8.952301,02:43:26,0
982,7,00:22:20,3.2275,7.492,24.2,25.6,2787.06,9.0221996,02:43:36,0
983,7,00:22:30,3.2274,7.492,24.2,25.6,2807.05,9.0867157,02:43:46,0
984,7,00:22:40,3.2272,7.492,24.2,25.6,2828.28,9.1552572,02:43:56,0
985,7,00:22:50,3.227,7.492,24.2,25.7,2848.27,9.2197514,02:44:06,0
986,7,00:23:00,3.2268,7.492,24.2,25.7,2869.92,9.2896099,02:44:16,0
987,7,00:23:10,3.2266,7.492,24.2,25.7,2890.32,9.355444,02:44:26,0
988,7,00:23:20,3.2264,7.492,24.2,25.7,2910.72,9.4212666,02:44:36,0
989,7,00:23:30,3.2262,7.492,24.2,25.7,2931.12,9.4870892,02:44:46,0
990,7,00:23:40,3.226,7.492,24.2,25.7,2952.36,9.5555964,02:44:56,0
991,7,00:23:50,3.2258,7.492,24.2,25.7,2973.59,9.6241055,02:45:06,0
992,7,00:24:00,3.2255,7.492,24.2,25.7,2994,9.6899252,02:45:16,0
993,7,00:24:10,3.2253,7.492,24.2,25.7,3015.23,9.7584124,02:45:26,0
994,7,00:24:20,3.2251,7.492,24.2,25.7,3035.22,9.8228588,02:45:36,0
995,7,00:24:30,3.2249,7.492,24.2,25.7,3057.28,9.8940325,02:45:46,0
996,7,00:24:40,3.2247,7.492,24.2,25.7,3077.26,9.9584608,02:45:56,0
997,7,00:24:50,3.2245,7.492,24.2,25.8,3098.5,10.0269375,02:46:06,0
998,7,00:25:00,3.2242,7.492,24.2,25.8,3118.9,10.092721,02:46:16,0
999,7,00:25:10,3.224,7.492,24.2,25.8,3140.55,10.1625109,02:46:26,0
1000,7,00:25:20,3.2237,7.492,24.2,25.8,3160.54,10.2269573,02:46:36,0
1001,7,00:25:30,3.2235,7.492,24.2,25.8,3181.77,10.295413,02:46:46,0
1002,7,00:25:40,3.2232,7.492,24.1,25.8,3203.01,10.3638773,02:46:56,0
1003,7,00:25:50,3.223,7.492,24.1,25.8,3223,10.4282846,02:47:06,0
1004,7,00:26:00,3.2227,7.492,24.1,25.8,3244.65,10.4980631,02:47:16,0
1005,7,00:26:10,3.2225,7.492,24.1,25.8,3264.63,10.562458,02:47:26,0
1006,7,00:26:20,3.2222,7.492,24.1,25.8,3285.86,10.6308603,02:47:36,0
1007,7,00:26:30,3.2219,7.491,24.1,25.8,3305.85,10.6952658,02:47:46,0
1008,7,00:26:40,3.2216,7.492,24.1,25.8,3327.49,10.7650013,02:47:56,0
1009,7,00:26:50,3.2213,7.492,24.1,25.8,3347.47,10.8293648,02:48:06,0
1010,7,00:27:00,3.221,7.492,24.1,25.9,3369.14,10.8991575,02:48:16,0
1011,7,00:27:10,3.2207,7.492,24.1,25.9,3389.54,10.9648705,02:48:26,0
1012,7,00:27:20,3.2204,7.492,24.1,25.9,3410.77,11.0332403,02:48:36,0
1013,7,00:27:30,3.2201,7.492,24.1,25.9,3432,11.1015959,02:48:46,0
1014,7,00:27:40,3.2198,7.492,24.1,25.9,3452.4,11.1672935,02:48:56,0
1015,7,00:27:50,3.2195,7.492,24.1,25.9,3472.38,11.2316265,02:49:06,0
1016,7,00:28:00,3.2192,7.492,24.1,25.9,3494.04,11.3013458,02:49:16,0
1017,7,00:28:10,3.2189,7.492,24.1,25.9,3514.44,11.3670273,02:49:26,0
1018,7,00:28:20,3.2186,7.492,24.1,25.9,3535.68,11.4353914,02:49:36,0
1019,7,00:28:30,3.2183,7.492,24.1,25.9,3556.08,11.5010309,02:49:46,0
1020,7,00:28:40,3.2179,7.492,24.1,25.9,3577.33,11.569418,02:49:56,0
1021,7,00:28:50,3.2176,7.492,24.1,25.9,3598.56,11.6377296,02:50:06,0
1022,7,00:29:00,3.2173,7.492,24.1,25.9,3618.96,11.7033787,02:50:16,0
1023,7,00:29:10,3.2169,7.492,24.1,26,3639.36,11.7689953,02:50:26,0
1024,7,00:29:20,3.2166,7.492,24.1,26,3660.59,11.8372927,02:50:36,0
1025,7,00:29:30,3.2163,7.492,24.1,26,3680.99,11.9029045,02:50:46,0
1026,7,00:29:40,3.2159,7.492,24.1,26,3702.23,11.9712038,02:50:56,0
1027,7,00:29:50,3.2156,7.492,24.1,26,3722.63,12.0368032,02:51:06,0
1028,7,00:30:00,3.2152,7.492,24.1,26,3744.27,12.1064005,02:51:16,0
1029,7,00:30:10,3.2149,7.492,24.1,26,3764.67,12.1719761,02:51:26,0
1030,7,00:30:20,3.2146,7.492,24.1,26,3785.9,12.2402458,02:51:36,0
1031,7,00:30:30,3.2142,7.492,24.1,26,3805.89,12.3044949,02:51:46,0
1032,7,00:30:40,3.2139,7.492,24.1,26,3827.13,12.3727512,02:51:56,0
1033,7,00:30:50,3.2136,7.492,24.1,26,3847.11,12.4369726,02:52:06,0
1034,7,00:31:00,3.2132,7.492,24.1,26,3869.18,12.5078764,02:52:16,0
1035,7,00:31:10,3.2128,7.492,24.1,26,3888.75,12.5707493,02:52:26,0
1036,7,00:31:20,3.2124,7.492,24.1,26,3910.81,12.6416235,02:52:36,0
1037,7,00:31:30,3.2121,7.492,24.1,26,3930.39,12.7045279,02:52:46,0
1038,7,00:31:40,3.2118,7.492,24.1,26,3952.04,12.7740507,02:52:56,0
1039,7,00:31:50,3.2114,7.492,24.1,26.1,3973.27,12.8422365,02:53:06,0
1040,7,00:32:00,3.2111,7.492,24.1,26.1,3993.25,12.9064007,02:53:16,0
1041,7,00:32:10,3.2107,7.492,24.1,26.1,4014.9,12.9759254,02:53:26,0
1042,7,00:32:20,3.2104,7.492,24.1,26.1,4034.89,13.0401049,02:53:36,0
1043,7,00:32:30,3.2101,7.492,24.1,26.1,4056.14,13.1083107,02:53:46,0
1044,7,00:32:40,3.2097,7.492,24,26.1,4076.13,13.1724911,02:53:56,0
1045,7,00:32:50,3.2094,7.492,24,26.1,4097.78,13.2419682,02:54:06,0
1046,7,00:33:00,3.2091,7.492,24,26.1,4118.17,13.3074198,02:54:16,0
1047,7,00:33:10,3.2088,7.492,24,26.1,4138.57,13.3728781,02:54:26,0
1048,7,00:33:20,3.2085,7.492,24,26.1,4159.8,13.4410028,02:54:36,0
1049,7,00:33:30,3.2082,7.492,24,26.1,4181.04,13.5091419,02:54:46,0
1050,7,00:33:40,3.2079,7.492,24,26.1,4201.02,13.5732527,02:54:56,0
1051,7,00:33:50,3.2076,7.492,24,26.1,4222.26,13.6413708,02:55:06,0
1052,7,00:34:00,3.2073,7.492,24,26.1,4243.49,13.7094669,02:55:16,0
1053,7,00:34:10,3.207,7.492,24,26.1,4263.48,13.7735586,02:55:26,0
1054,7,00:34:20,3.2067,7.492,24,26.1,4285.12,13.8429756,02:55:36,0
1055,7,00:34:30,3.2064,7.492,24,26.1,4304.68,13.9056988,02:55:46,0
1056,7,00:34:40,3.2061,7.492,24,26.1,4326.33,13.9751005,02:55:56,0
1057,7,00:34:50,3.2058,7.492,24,26.2,4346.31,14.0391674,02:56:06,0
1058,7,00:35:00,3.2055,7.492,24,26.2,4367.55,14.1072464,02:56:16,0
1059,7,00:35:10,3.2053,7.492,24,26.2,4389.2,14.1766529,02:56:26,0
1060,7,00:35:20,3.205,7.492,24,26.2,4409.6,14.242033,02:56:36,0
1061,7,00:35:30,3.2048,7.492,24,26.2,4429.59,14.3060837,02:56:46,0
1062,7,00:35:40,3.2045,7.492,24,26.2,4451.25,14.3754959,02:56:56,0
1063,7,00:35:50,3.2041,7.492,24,26.2,4472.48,14.4435358,02:57:06,0
1064,7,00:36:00,3.2039,7.492,24,26.2,4492.88,14.5088863,02:57:16,0
1065,7,00:36:10,3.2036,7.492,24,26.2,4514.12,14.5769329,02:57:26,0
1066,7,00:36:20,3.2034,7.492,24,26.2,4534.52,14.6422911,02:57:36,0
1067,7,00:36:30,3.2031,7.492,24,26.2,4555.75,14.710289,02:57:46,0
1068,7,00:36:40,3.2029,7.492,24,26.2,4575.74,14.774312,02:57:56,0
1069,7,00:36:50,3.2026,7.492,24,26.2,4596.98,14.8423338,02:58:06,0
1070,7,00:37:00,3.2024,7.492,24,26.2,4618.21,14.9103451,02:58:16,0
1071,7,00:37:10,3.2022,7.492,24,26.2,4638.61,14.975668,02:58:26,0
1072,7,00:37:20,3.202,7.492,24,26.2,4658.59,15.0396452,02:58:36,0
1073,7,00:37:30,3.2017,7.492,24,26.2,4680.24,15.1089649,02:58:46,0
1074,7,00:37:40,3.2015,7.492,24,26.2,4700.64,15.1742811,02:58:56,0
1075,7,00:37:50,3.2013,7.492,24,26.2,4721.88,15.242259,02:59:06,0
1076,7,00:38:00,3.2011,7.492,24,26.2,4741.86,15.3062267,02:59:16,0
1077,7,00:38:10,3.2008,7.492,24,26.2,4763.5,15.3755093,02:59:26,0
1078,7,00:38:20,3.2007,7.492,24,26.2,4783.9,15.4408112,02:59:36,0
1079,7,00:38:30,3.2005,7.492,24,26.2,4805.55,15.5101032,02:59:46,0
1080,7,00:38:40,3.2003,7.492,24,26.2,4825.95,15.5753813,02:59:56,0
1081,7,00:38:50,3.2,7.492,24,26.2,4846.35,15.6406689,03:00:06,0
1082,7,00:39:00,3.1998,7.492,24,26.2,4867.59,15.7086143,03:00:16,0
1083,7,00:39:10,3.1996,7.492,24,26.2,4887.57,15.7725735,03:00:26,0
1084,7,00:39:20,3.1994,7.492,24,26.2,4908.81,15.840518,03:00:36,0
1085,7,00:39:30,3.1992,7.492,24,26.2,4930.47,15.9098034,03:00:46,0
1086,7,00:39:40,3.1991,7.492,24,26.2,4950.44,15.9737158,03:00:56,0
1087,7,00:39:50,3.1989,7.492,24,26.2,4972.09,16.0429726,03:01:06,0
1088,7,00:40:00,3.1987,7.492,24,26.2,4992.08,16.1069145,03:01:16,0
1089,7,00:40:10,3.1985,7.492,24,26.2,5013.73,16.1761475,03:01:26,0
1090,7,00:40:20,3.1983,7.492,24,26.2,5033.71,16.2400494,03:01:36,0
1091,7,00:40:30,3.1981,7.492,24,26.2,5054.94,16.3079433,03:01:46,0
1092,7,00:40:40,3.1979,7.492,24,26.2,5076.17,16.3758545,03:01:56,0
1093,7,00:40:50,3.1978,7.492,24,26.2,5096.16,16.4397717,03:02:06,0
1094,7,00:41:00,3.1976,7.492,24,26.2,5117.81,16.5089989,03:02:16,0
1095,7,00:41:10,3.1974,7.492,24,26.2,5137.8,16.5729065,03:02:26,0
1096,7,00:41:20,3.1972,7.492,24,26.2,5159.04,16.6408157,03:02:36,0
1097,7,00:41:30,3.1971,7.492,24,26.2,5180.27,16.7087135,03:02:46,0
1098,7,00:41:40,3.1969,7.492,24,26.2,5200.25,16.7725887,03:02:56,0
1099,7,00:41:50,3.1967,7.492,23.9,26.2,5221.49,16.8404617,03:03:06,0
1100,7,00:42:00,3.1966,7.492,23.9,26.2,5241.89,16.9056721,03:03:16,0
1101,7,00:42:10,3.1964,7.492,23.9,26.2,5263.13,16.9735794,03:03:26,0
1102,7,00:42:20,3.1962,7.492,23.9,26.2,5283.53,17.038763,03:03:36,0
1103,7,00:42:30,3.1961,7.492,23.9,26.2,5305.18,17.1079636,03:03:46,0
1104,7,00:42:40,3.1959,7.492,23.9,26.2,5325.16,17.1718235,03:03:56,0
1105,7,00:42:50,3.1956,7.492,23.9,26.2,5346.41,17.2397232,03:04:06,0
1106,7,00:43:00,3.1955,7.492,23.9,26.2,5367.64,17.3075581,03:04:16,0
1107,7,00:43:10,3.1953,7.492,23.9,26.2,5388.03,17.3727322,03:04:26,0
1108,7,00:43:20,3.1952,7.492,23.9,26.2,5409.26,17.4405766,03:04:36,0
1109,7,00:43:30,3.195,7.492,23.9,26.2,5429.26,17.5044575,03:04:46,0
1110,7,00:43:40,3.1949,7.492,23.9,26.2,5450.49,17.5722866,03:04:56,0
1111,7,00:43:50,3.1947,7.492,23.9,26.2,5470.89,17.6374798,03:05:06,0
1112,7,00:44:00,3.1945,7.492,23.9,26.2,5492.13,17.7053299,03:05:16,0
1113,7,00:44:10,3.1944,7.491,23.9,26.2,5512.11,17.7691555,03:05:26,0
1114,7,00:44:20,3.1942,7.492,23.9,26.2,5533.76,17.8383217,03:05:36,0
1115,7,00:44:30,3.1941,7.492,23.9,26.2,5553.75,17.9021416,03:05:46,0
1116,7,00:44:40,3.1939,7.492,23.9,26.2,5575.39,17.971283,03:05:56,0
1117,7,00:44:50,3.1938,7.492,23.9,26.2,5595.38,18.0351086,03:06:06,0
1118,7,00:45:00,3.1937,7.492,23.9,26.2,5617.02,18.1042423,03:06:16,0
1119,7,00:45:10,3.1935,7.492,23.9,26.2,5637.01,18.1680717,03:06:26,0
1120,7,00:45:20,3.1933,7.492,23.9,26.2,5658.25,18.2358837,03:06:36,0
1121,7,00:45:30,3.1932,7.492,23.9,26.2,5678.23,18.2996902,03:06:46,0
1122,7,00:45:40,3.193,7.492,23.9,26.2,5699.87,18.3688087,03:06:56,0
1123,7,00:45:50,3.1929,7.492,23.9,26.2,5719.85,18.4326057,03:07:06,0
1124,7,00:46:00,3.1928,7.492,23.9,26.2,5741.5,18.5017281,03:07:16,0
1125,7,00:46:10,3.1926,7.492,23.9,26.2,5762.73,18.5695171,03:07:26,0
1126,7,00:46:20,3.1925,7.492,23.9,26.2,5782.72,18.633316,03:07:36,0
1127,7,00:46:30,3.1923,7.491,23.9,26.2,5803.95,18.7010899,03:07:46,0
1128,7,00:46:40,3.1922,7.492,23.9,26.2,5825.18,18.7688618,03:07:56,0
1129,7,00:46:50,3.192,7.492,23.9,26.2,5845.16,18.8326607,03:08:06,0
1130,7,00:47:00,3.1919,7.492,23.9,26.2,5866.83,18.9018116,03:08:16,0
1131,7,00:47:10,3.1917,7.492,23.9,26.2,5886.8,18.9655628,03:08:26,0
1132,7,00:47:20,3.1916,7.492,23.9,26.2,5908.04,19.0333328,03:08:36,0
1133,7,00:47:30,3.1915,7.492,23.9,26.2,5928.85,19.0997696,03:08:46,0
1134,7,00:47:40,3.1913,7.492,23.9,26.2,5948.84,19.1635513,03:08:56,0
1135,7,00:47:50,3.1912,7.492,23.9,26.2,5970.49,19.2326412,03:09:06,0
1136,7,00:48:00,3.191,7.492,23.9,26.2,5991.72,19.3003941,03:09:16,0
1137,7,00:48:10,3.1909,7.492,23.9,26.2,6011.29,19.3628273,03:09:26,0
1138,7,00:48:20,3.1908,7.492,23.9,26.2,6032.93,19.4319019,03:09:36,0
1139,7,00:48:30,3.1906,7.492,23.9,26.2,6054.17,19.4996624,03:09:46,0
1140,7,00:48:40,3.1905,7.492,23.9,26.2,6074.59,19.5648003,03:09:56,0
1141,7,00:48:50,3.1904,7.492,23.9,26.2,6094.57,19.6285458,03:10:06,0
1142,7,00:49:00,3.1902,7.492,23.9,26.2,6116.24,19.6976833,03:10:16,0
1143,7,00:49:10,3.19,7.492,23.9,26.2,6137.47,19.7654018,03:10:26,0
1144,7,00:49:20,3.1899,7.492,23.9,26.2,6157.46,19.8291683,03:10:36,0
1145,7,00:49:30,3.1898,7.492,23.9,26.2,6178.69,19.896904,03:10:46,0
1146,7,00:49:40,3.1896,7.492,23.9,26.2,6198.68,19.96068,03:10:56,0
1147,7,00:49:50,3.1895,7.491,23.9,26.2,6220.75,20.0310574,03:11:06,0
1148,7,00:50:00,3.1893,7.492,23.9,26.2,6241.15,20.0961227,03:11:16,0
1149,7,00:50:10,3.1892,7.492,23.9,26.2,6262.38,20.1638317,03:11:26,0
1150,7,00:50:20,3.1891,7.492,23.9,26.2,6282.78,20.2288971,03:11:36,0
1151,7,00:50:30,3.1889,7.492,23.9,26.2,6304.02,20.2966309,03:11:46,0
1152,7,00:50:40,3.1888,7.492,23.9,26.1,6323.59,20.359024,03:11:56,0
1153,7,00:50:50,3.1887,7.492,23.9,26.2,6345.23,20.4280357,03:12:06,0
1154,7,00:51:00,3.1885,7.492,23.9,26.2,6365.63,20.4930801,03:12:16,0
1155,7,00:51:10,3.1883,7.492,23.9,26.2,6386.87,20.5607948,03:12:26,0
1156,7,00:51:20,3.1882,7.492,23.9,26.2,6408.1,20.6284924,03:12:36,0
1157,7,00:51:30,3.1881,7.492,23.9,26.2,6428.08,20.6921883,03:12:46,0
1158,7,00:51:40,3.1879,7.492,23.9,26.2,6448.48,20.7572155,03:12:56,0
1159,7,00:51:50,3.1878,7.492,23.9,26.2,6469.71,20.824894,03:13:06,0
1160,7,00:52:00,3.1876,7.492,23.9,26.1,6490.53,20.8912468,03:13:16,0
1161,7,00:52:10,3.1875,7.492,23.9,26.1,6512.17,20.9602375,03:13:26,0
1162,7,00:52:20,3.1872,7.492,23.9,26.1,6532.98,21.0265694,03:13:36,0
1163,7,00:52:30,3.1871,7.492,23.9,26.2,6553.38,21.0915813,03:13:46,0
1164,7,00:52:40,3.1869,7.492,23.9,26.2,6574.62,21.1592617,03:13:56,0
1165,7,00:52:50,3.1868,7.492,23.9,26.2,6595.02,21.2242832,03:14:06,0
1166,7,00:53:00,3.1866,7.492,23.9,26.1,6616.25,21.2919388,03:14:16,0
1167,7,00:53:10,3.1865,7.492,23.9,26.2,6637.06,21.3582706,03:14:26,0
1168,7,00:53:20,3.1863,7.492,23.9,26.2,6657.05,21.4219513,03:14:36,0
1169,7,00:53:30,3.1862,7.492,23.9,26.2,6678.69,21.4909172,03:14:46,0
1170,7,00:53:40,3.186,7.492,23.9,26.1,6698.67,21.5545826,03:14:56,0
1171,7,00:53:50,3.1859,7.492,23.9,26.1,6719.9,21.6222172,03:15:06,0
1172,7,00:54:00,3.1858,7.492,23.9,26.1,6741.14,21.6898689,03:15:16,0
1173,7,00:54:10,3.1856,7.492,23.9,26.1,6761.14,21.7535915,03:15:26,0
1174,7,00:54:20,3.1854,7.492,23.9,26.1,6782.8,21.8225803,03:15:36,0
1175,7,00:54:30,3.1853,7.492,23.9,26.1,6802.78,21.8862305,03:15:46,0
1176,7,00:54:40,3.1851,7.492,23.9,26.1,6824.01,21.9538479,03:15:56,0
1177,7,00:54:50,3.185,7.492,23.9,26.1,6844.42,22.0188503,03:16:06,0
1178,7,00:55:00,3.1848,7.492,23.9,26.1,6865.65,22.0864735,03:16:16,0
1179,7,00:55:10,3.1846,7.491,23.9,26.1,6885.63,22.1501102,03:16:26,0
1180,7,00:55:20,3.1845,7.492,23.9,26.1,6907.28,22.2190456,03:16:36,0
1181,7,00:55:30,3.1843,7.492,23.9,26.1,6927.28,22.2827454,03:16:46,0
1182,7,00:55:40,3.1842,7.492,23.9,26.1,6948.51,22.3503494,03:16:56,0
1183,7,00:55:50,3.184,7.492,23.9,26.1,6968.49,22.4139633,03:17:06,0
1184,7,00:56:00,3.1838,7.492,23.9,26.1,6990.56,22.4842148,03:17:16,0
1185,7,00:56:10,3.1837,7.492,23.9,26.1,7010.55,22.5478649,03:17:26,0
1186,7,00:56:20,3.1835,7.492,23.9,26.1,7031.79,22.6154728,03:17:36,0
1187,7,00:56:30,3.1833,7.492,23.8,26.1,7053.02,22.6830597,03:17:46,0
1188,7,00:56:40,3.1832,7.492,23.8,26.1,7073.42,22.7480049,03:17:56,0
1189,7,00:56:50,3.183,7.492,23.8,26.1,7093.39,22.811594,03:18:06,0
1190,7,00:57:00,3.1828,7.492,23.8,26.1,7114.63,22.8791885,03:18:16,0
1191,7,00:57:10,3.1826,7.492,23.8,26.1,7136.28,22.9480839,03:18:26,0
1192,7,00:57:20,3.1825,7.492,23.8,26.1,7156.7,23.0130692,03:18:36,0
1193,7,00:57:30,3.1823,7.492,23.8,26.1,7177.93,23.0806332,03:18:46,0
1194,7,00:57:40,3.1821,7.492,23.8,26.1,7197.93,23.1442833,03:18:56,0
1195,7,00:57:50,3.182,7.492,23.8,26.1,7219.19,23.211937,03:19:06,0
1196,7,00:58:00,3.1818,7.492,23.8,26.1,7240.42,23.2795067,03:19:16,0
1197,7,00:58:10,3.1816,7.492,23.8,26.1,7260.41,23.3430958,03:19:26,0
1198,7,00:58:20,3.1814,7.492,23.8,26.1,7280.81,23.4079933,03:19:36,0
1199,7,00:58:30,3.1812,7.492,23.8,26.1,7302.46,23.4768772,03:19:46,0
1200,7,00:58:40,3.181,7.492,23.8,26.1,7323.69,23.5444279,03:19:56,0
1201,7,00:58:50,3.1808,7.492,23.8,26.1,7343.68,23.6079865,03:20:06,0
1202,7,00:59:00,3.1806,7.492,23.8,26,7364.91,23.6755295,03:20:16,0
1203,7,00:59:10,3.1805,7.492,23.8,26.1,7384.89,23.7390823,03:20:26,0
1204,7,00:59:20,3.1803,7.491,23.8,26,7406.97,23.8092823,03:20:36,0
1205,7,00:59:30,3.1801,7.492,23.8,26,7427.36,23.8741417,03:20:46,0
1206,7,00:59:40,3.1799,7.492,23.8,26,7448.6,23.9416618,03:20:56,0
1207,7,00:59:50,3.1797,7.491,23.8,26,7468.58,24.0052147,03:21:06,0
1208,7,01:00:00,3.1795,7.492,23.8,26,7490.23,24.0740414,03:21:16,0
1209,7,01:00:10,3.1793,7.492,23.8,26,7510.63,24.1388912,03:21:26,0
1210,7,01:00:20,3.1791,7.492,23.8,26,7531.86,24.206398,03:21:36,0
1211,7,01:00:30,3.1789,7.492,23.8,26,7551.85,24.2699356,03:21:46,0
1212,7,01:00:40,3.1786,7.492,23.8,26,7573.08,24.3374329,03:21:56,0
1213,7,01:00:50,3.1784,7.492,23.8,26.1,7593.48,24.4022732,03:22:06,0
1214,7,01:01:00,3.1781,7.492,23.8,26,7614.71,24.4697552,03:22:16,0
1215,7,01:01:10,3.178,7.492,23.8,26,7635.94,24.5372276,03:22:26,0
1216,7,01:01:20,3.1777,7.492,23.8,26,7655.93,24.6007462,03:22:36,0
1217,7,01:01:30,3.1775,7.492,23.8,26,7677.57,24.6695271,03:22:46,0
1218,7,01:01:40,3.1773,7.492,23.8,26,7697.56,24.7330227,03:22:56,0
1219,7,01:01:50,3.1771,7.492,23.8,26,7718.37,24.7991447,03:23:06,0
1220,7,01:02:00,3.1769,7.492,23.8,26,7740.02,24.8679447,03:23:16,0
1221,7,01:02:10,3.1767,7.492,23.8,26,7760,24.9314213,03:23:26,0
1222,7,01:02:20,3.1764,7.492,23.8,26,7781.66,25.0001965,03:23:36,0
1223,7,01:02:30,3.1762,7.492,23.8,26,7801.65,25.0636883,03:23:46,0
1224,7,01:02:40,3.176,7.492,23.8,26,7822.04,25.1284752,03:23:56,0
1225,7,01:02:50,3.1758,7.492,23.8,26,7843.27,25.1959,03:24:06,0
1226,7,01:03:00,3.1755,7.492,23.8,26,7864.92,25.2646427,03:24:16,0
1227,7,01:03:10,3.1753,7.492,23.8,26,7884.92,25.3281689,03:24:26,0
1228,7,01:03:20,3.1751,7.492,23.8,26,7906.56,25.3968735,03:24:36,0
1229,7,01:03:30,3.1748,7.492,23.8,26,7926.55,25.4603424,03:24:46,0
1230,7,01:03:40,3.1746,7.492,23.8,26,7947.8,25.5278091,03:24:56,0
1231,7,01:03:50,3.1744,7.492,23.8,26,7967.79,25.5912495,03:25:06,0
1232,7,01:04:00,3.1741,7.492,23.8,26,7989.86,25.6613045,03:25:16,0
1233,7,01:04:10,3.1739,7.491,23.8,26,8009.84,25.7247219,03:25:26,0
1234,7,01:04:20,3.1736,7.492,23.8,26,8029.83,25.7881641,03:25:36,0
1235,7,01:04:30,3.1734,7.492,23.8,26,8051.48,25.8568649,03:25:46,0
1236,7,01:04:40,3.1731,7.492,23.8,26,8071.46,25.920269,03:25:56,0
1237,7,01:04:50,3.1729,7.492,23.8,26,8093.1,25.9889545,03:26:06,0
1238,7,01:05:00,3.1727,7.492,23.8,26,8114.33,26.0563145,03:26:16,0
1239,7,01:05:10,3.1724,7.492,23.8,26,8134.33,26.1197433,03:26:26,0
1240,7,01:05:20,3.1722,7.492,23.8,26,8155.98,26.1884308,03:26:36,0
1241,7,01:05:30,3.1719,7.491,23.8,26,8175.97,26.2518234,03:26:46,0
1242,7,01:05:40,3.1716,7.492,23.8,26,8197.19,26.3191509,03:26:56,0
1243,7,01:05:50,3.1714,7.492,23.8,26,8217.17,26.3825302,03:27:06,0
1244,7,01:06:00,3.1711,7.492,23.8,26,8238.4,26.4498463,03:27:16,0
1245,7,01:06:10,3.1709,7.492,23.8,26,8260.05,26.5184841,03:27:26,0
1246,7,01:06:20,3.1706,7.492,23.8,26,8280.03,26.5818329,03:27:36,0
1247,7,01:06:30,3.1702,7.492,23.8,26,8301.68,26.6504993,03:27:46,0
1248,7,01:06:40,3.17,7.492,23.8,26,8322.08,26.7151623,03:27:56,0
1249,7,01:06:50,3.1697,7.492,23.7,26,8343.31,26.7824631,03:28:06,0
1250,7,01:07:00,3.1694,7.492,23.7,26,8363.29,26.8457794,03:28:16,0
1251,7,01:07:10,3.1691,7.492,23.7,26,8384.94,26.9143906,03:28:26,0
1252,7,01:07:20,3.1689,7.492,23.7,26,8404.93,26.9777336,03:28:36,0
1253,7,01:07:30,3.1686,7.492,23.7,26,8426.16,27.0450039,03:28:46,0
1254,7,01:07:40,3.1683,7.492,23.7,26,8446.55,27.1096325,03:28:56,0
1255,7,01:07:50,3.168,7.492,23.7,26,8468.2,27.1782169,03:29:06,0
1256,7,01:08:00,3.1677,7.492,23.7,26,8489.01,27.2441444,03:29:16,0
1257,7,01:08:10,3.1674,7.492,23.7,26,8508.99,27.3074284,03:29:26,0
1258,7,01:08:20,3.1671,7.492,23.7,26,8530.22,27.3746815,03:29:36,0
1259,7,01:08:30,3.1669,7.492,23.7,26,8550.63,27.4392986,03:29:46,0
1260,7,01:08:40,3.1666,7.492,23.7,26,8571.03,27.5039101,03:29:56,0
1261,7,01:08:50,3.1663,7.492,23.7,26,8592.68,27.5724792,03:30:06,0
1262,7,01:09:00,3.166,7.492,23.7,26,8613.09,27.6370811,03:30:16,0
1263,7,01:09:10,3.1656,7.492,23.7,26,8634.32,27.7042866,03:30:26,0
1264,7,01:09:20,3.1653,7.492,23.7,26,8654.3,27.7675304,03:30:36,0
1265,7,01:09:30,3.165,7.492,23.7,26,8675.95,27.8360462,03:30:46,0
1266,7,01:09:40,3.1647,7.492,23.7,26,8697.17,27.9032269,03:30:56,0
1267,7,01:09:50,3.1644,7.492,23.7,26,8717.18,27.9665279,03:31:06,0
1268,7,01:10:00,3.1641,7.492,23.7,26,8738.83,28.0350342,03:31:16,0
1269,7,01:10:10,3.1638,7.492,23.7,26,8758.81,28.0982685,03:31:26,0
1270,7,01:10:20,3.1634,7.492,23.7,26,8780.47,28.1667728,03:31:36,0
1271,7,01:10:30,3.1631,7.492,23.7,26,8800.45,28.2299728,03:31:46,0
1272,7,01:10:40,3.1628,7.492,23.7,26,8821.68,28.2971344,03:31:56,0
1273,7,01:10:50,3.1625,7.492,23.7,26,8841.66,28.3603249,03:32:06,0
1274,7,01:11:00,3.1621,7.492,23.7,26,8862.89,28.4274597,03:32:16,0
1275,7,01:11:10,3.1617,7.492,23.7,26,8884.54,28.4959087,03:32:26,0
1276,7,01:11:20,3.1614,7.492,23.7,26,8904.52,28.5590782,03:32:36,0
1277,7,01:11:30,3.161,7.492,23.7,26,8925.77,28.626276,03:32:46,0
1278,7,01:11:40,3.1606,7.492,23.7,26.1,8946.17,28.6907654,03:32:56,0
1279,7,01:11:50,3.1603,7.492,23.7,26.1,8967.83,28.7592049,03:33:06,0
1280,7,01:12:00,3.16,7.492,23.7,26.1,8988.23,28.8236847,03:33:16,0
1281,7,01:12:10,3.1596,7.492,23.7,26,9009.47,28.8907776,03:33:26,0
1282,7,01:12:20,3.1592,7.492,23.7,26,9029.45,28.9539108,03:33:36,0
1283,7,01:12:30,3.1588,7.492,23.7,26.1,9051.09,29.0222893,03:33:46,0
1284,7,01:12:40,3.1585,7.492,23.7,26.1,9071.49,29.0867233,03:33:56,0
1285,7,01:12:50,3.1582,7.492,23.7,26.1,9091.48,29.149847,03:34:06,0
1286,7,01:13:00,3.1577,7.492,23.7,26.1,9113.14,29.2182426,03:34:16,0
1287,7,01:13:10,3.1573,7.492,23.7,26.1,9133.12,29.2813282,03:34:26,0
1288,7,01:13:20,3.1569,7.492,23.7,26.1,9154.35,29.3483582,03:34:36,0
1289,7,01:13:30,3.1566,7.492,23.6,26.1,9175.99,29.4166927,03:34:46,0
1290,7,01:13:40,3.1562,7.492,23.6,26.1,9196.39,29.4810753,03:34:56,0
1291,7,01:13:50,3.1558,7.492,23.6,26.1,9216.37,29.5441265,03:35:06,0
1292,7,01:14:00,3.1553,7.492,23.6,26.1,9238.02,29.6124496,03:35:16,0
1293,7,01:14:10,3.1549,7.492,23.6,26.1,9259.25,29.6794224,03:35:26,0
1294,7,01:14:20,3.1545,7.492,23.6,26.1,9279.65,29.7437687,03:35:36,0
1295,7,01:14:30,3.1541,7.492,23.6,26.1,9300.89,29.8107777,03:35:46,0
1296,7,01:14:40,3.1537,7.492,23.6,26.1,9320.88,29.8738022,03:35:56,0
1297,7,01:14:50,3.1531,7.492,23.6,26.1,9341.27,29.9381218,03:36:06,0
1298,7,01:15:00,3.1527,7.492,23.6,26.1,9362.92,30.0063725,03:36:16,0
1299,7,01:15:10,3.1522,7.492,23.6,26.1,9384.16,30.073349,03:36:26,0
1300,7,01:15:20,3.1517,7.492,23.6,26.1,9404.14,30.1363144,03:36:36,0
1301,7,01:15:30,3.1513,7.492,23.6,26.2,9425.79,30.2045536,03:36:46,0
1302,7,01:15:40,3.1508,7.492,23.6,26.2,9445.76,30.2674942,03:36:56,0
1303,7,01:15:50,3.1504,7.492,23.6,26.2,9467.42,30.3357201,03:37:06,0
1304,7,01:16:00,3.1499,7.492,23.6,26.2,9487.4,30.3986549,03:37:16,0
1305,7,01:16:10,3.1494,7.492,23.6,26.2,9509.05,30.4668465,03:37:26,0
1306,7,01:16:20,3.1489,7.492,23.6,26.2,9529.02,30.5297451,03:37:36,0
1307,7,01:16:30,3.1484,7.492,23.6,26.2,9550.27,30.5966301,03:37:46,0
1308,7,01:16:40,3.1479,7.492,23.6,26.2,9570.25,30.6595478,03:37:56,0
1309,7,01:16:50,3.1474,7.492,23.6,26.2,9591.5,30.7264214,03:38:06,0
1310,7,01:17:00,3.1469,7.492,23.6,26.2,9611.9,30.7906303,03:38:16,0
1311,7,01:17:10,3.1464,7.492,23.6,26.2,9633.55,30.8587456,03:38:26,0
1312,7,01:17:20,3.1459,7.492,23.6,26.2,9653.53,30.9216251,03:38:36,0
1313,7,01:17:30,3.1453,7.492,23.6,26.2,9674.77,30.9884109,03:38:46,0
1314,7,01:17:40,3.1447,7.492,23.6,26.2,9694.75,31.0512676,03:38:56,0
1315,7,01:17:50,3.1441,7.492,23.6,26.2,9716.41,31.1193581,03:39:06,0
1316,7,01:18:00,3.1435,7.492,23.6,26.2,9737.64,31.1861115,03:39:16,0
1317,7,01:18:10,3.143,7.492,23.5,26.3,9757.63,31.2489281,03:39:26,0
1318,7,01:18:20,3.1424,7.492,23.5,26.3,9779.27,31.3169613,03:39:36,0
1319,7,01:18:30,3.1418,7.492,23.5,26.3,9799.26,31.3797512,03:39:46,0
1320,7,01:18:40,3.1411,7.492,23.5,26.3,9820.49,31.4464264,03:39:56,0
1321,7,01:18:50,3.1405,7.492,23.5,26.3,9841.72,31.5131187,03:40:06,0
1322,7,01:19:00,3.1399,7.492,23.5,26.3,9862.12,31.5771618,03:40:16,0
1323,7,01:19:10,3.1394,7.492,23.5,26.3,9882.1,31.6399002,03:40:26,0
1324,7,01:19:20,3.1387,7.492,23.5,26.3,9903.36,31.7066326,03:40:36,0
1325,7,01:19:30,3.1381,7.492,23.5,26.3,9925,31.7745609,03:40:46,0
1326,7,01:19:40,3.1375,7.492,23.5,26.3,9944.99,31.8372746,03:40:56,0
1327,7,01:19:50,3.1367,7.492,23.5,26.3,9966.63,31.9051762,03:41:06,0
1328,7,01:20:00,3.1361,7.492,23.5,26.3,9986.62,31.9678478,03:41:16,0
1329,7,01:20:10,3.1354,7.492,23.5,26.3,10008.27,32.0357475,03:41:26,0
1330,7,01:20:20,3.1347,7.492,23.5,26.4,10029.09,32.1009979,03:41:36,0
1331,7,01:20:30,3.134,7.492,23.5,26.4,10049.49,32.164959,03:41:46,0
1332,7,01:20:40,3.1333,7.492,23.5,26.3,10070.73,32.2315216,03:41:56,0
1333,7,01:20:50,3.1326,7.492,23.5,26.3,10090.71,32.2941322,03:42:06,0
1334,7,01:21:00,3.1319,7.492,23.5,26.4,10111.95,32.3606415,03:42:16,0
1335,7,01:21:10,3.1311,7.492,23.5,26.4,10133.18,32.4271278,03:42:26,0
1336,7,01:21:20,3.1304,7.492,23.5,26.4,10153.16,32.4896927,03:42:36,0
1337,7,01:21:30,3.1296,7.492,23.4,26.4,10174.81,32.5574608,03:42:46,0
1338,7,01:21:40,3.1289,7.492,23.4,26.4,10195.21,32.6212959,03:42:56,0
1339,7,01:21:50,3.1281,7.492,23.4,26.4,10215.62,32.6851349,03:43:06,0
1340,7,01:22:00,3.1273,7.492,23.4,26.4,10236.85,32.7515411,03:43:16,0
1341,7,01:22:10,3.1264,7.492,23.4,26.4,10258.08,32.8179398,03:43:26,0
1342,7,01:22:20,3.1257,7.492,23.4,26.4,10278.06,32.8804054,03:43:36,0
1343,7,01:22:30,3.1248,7.492,23.4,26.4,10299.3,32.9467659,03:43:46,0
1344,7,01:22:40,3.124,7.492,23.4,26.5,10319.7,33.0105133,03:43:56,0
1345,7,01:22:50,3.1232,7.492,23.4,26.5,10340.93,33.0768242,03:44:06,0
1346,7,01:23:00,3.1224,7.492,23.4,26.5,10360.91,33.1392136,03:44:16,0
1347,7,01:23:10,3.1216,7.492,23.4,26.5,10382.15,33.2055206,03:44:26,0
1348,7,01:23:20,3.1207,7.492,23.4,26.5,10403.8,33.2730789,03:44:36,0
1349,7,01:23:30,3.1199,7.492,23.4,26.5,10423.77,33.3354149,03:44:46,0
1350,7,01:23:40,3.1188,7.492,23.4,26.5,10445.01,33.4016533,03:44:56,0
1351,7,01:23:50,3.118,7.492,23.4,26.5,10465.42,33.4652863,03:45:06,0
1352,7,01:24:00,3.1171,7.492,23.4,26.5,10486.65,33.5314751,03:45:16,0
1353,7,01:24:10,3.1162,7.492,23.3,26.5,10507.05,33.5950737,03:45:26,0
1354,7,01:24:20,3.1153,7.492,23.3,26.5,10528.69,33.6625214,03:45:36,0
1355,7,01:24:30,3.1145,7.492,23.3,26.5,10549.09,33.7260628,03:45:46,0
1356,7,01:24:40,3.1134,7.492,23.3,26.5,10570.33,33.7921829,03:45:56,0
1357,7,01:24:50,3.1126,7.492,23.3,26.5,10590.32,33.8544197,03:46:06,0
1358,7,01:25:00,3.1116,7.492,23.3,26.5,10611.96,33.9217758,03:46:16,0
1359,7,01:25:10,3.1106,7.492,23.3,26.5,10631.95,33.9839554,03:46:26,0
1360,7,01:25:20,3.1097,7.492,23.3,26.6,10653.19,34.0500031,03:46:36,0
1361,7,01:25:30,3.1087,7.492,23.3,26.6,10674.41,34.1160088,03:46:46,0
1362,7,01:25:40,3.1078,7.492,23.3,26.6,10694.81,34.1794052,03:46:56,0
1363,7,01:25:50,3.1068,7.492,23.3,26.6,10715.21,34.242775,03:47:06,0
1364,7,01:26:00,3.1057,7.492,23.3,26.6,10736.88,34.3100967,03:47:16,0
1365,7,01:26:10,3.1048,7.492,23.3,26.6,10756.86,34.372139,03:47:26,0
1366,7,01:26:20,3.1038,7.492,23.3,26.6,10778.09,34.4380531,03:47:36,0
1367,7,01:26:30,3.1028,7.492,23.2,26.6,10798.48,34.5013466,03:47:46,0
1368,7,01:26:40,3.1018,7.492,23.2,26.6,10819.71,34.5672112,03:47:56,0
1369,7,01:26:50,3.1008,7.492,23.2,26.6,10839.73,34.6292686,03:48:06,0
1370,7,01:27:00,3.0999,7.492,23.2,26.6,10861.38,34.6963921,03:48:16,0
1371,7,01:27:10,3.099,7.492,23.2,26.6,10881.36,34.7583122,03:48:26,0
1372,7,01:27:20,3.0979,7.492,23.2,26.6,10903,34.8253784,03:48:36,0
1373,7,01:27:30,3.097,7.492,23.2,26.6,10923.4,34.8885727,03:48:46,0
1374,7,01:27:40,3.096,7.492,23.2,26.6,10943.38,34.9504433,03:48:56,0
1375,7,01:27:50,3.0951,7.492,23.2,26.6,10965.03,35.0174408,03:49:06,0
1376,7,01:28:00,3.0942,7.492,23.2,26.6,10985.43,35.0805664,03:49:16,0
1377,7,01:28:10,3.0932,7.492,23.2,26.6,11007.08,35.1475639,03:49:26,0
1378,7,01:28:20,3.0923,7.492,23.2,26.6,11027.07,35.2093849,03:49:36,0
1379,7,01:28:30,3.0914,7.492,23.2,26.6,11048.3,35.2750206,03:49:46,0
1380,7,01:28:40,3.0906,7.492,23.2,26.6,11068.28,35.3367729,03:49:56,0
1381,7,01:28:50,3.0897,7.492,23.1,26.6,11089.92,35.4036751,03:50:06,0
1382,7,01:29:00,3.0888,7.492,23.1,26.6,11111.16,35.4692688,03:50:16,0
1383,7,01:29:10,3.0881,7.492,23.1,26.6,11131.55,35.5322533,03:50:26,0
1384,7,01:29:20,3.0873,7.492,23.1,26.6,11151.54,35.5939522,03:50:36,0
1385,7,01:29:30,3.0865,7.492,23.1,26.6,11172.78,35.6595154,03:50:46,0
1386,7,01:29:40,3.0856,7.492,23.1,26.6,11194.01,35.7250366,03:50:56,0
1387,7,01:29:50,3.0849,7.492,23.1,26.7,11213.99,35.7866936,03:51:06,0
1388,7,01:30:00,3.0841,7.492,23.1,26.7,11235.22,35.8521729,03:51:16,0
1389,7,01:30:10,3.0834,7.492,23.1,26.7,11256.46,35.9176521,03:51:26,0
1390,7,01:30:20,3.0827,7.492,23.1,26.7,11276.44,35.9792557,03:51:36,0
1391,7,01:30:30,3.082,7.492,23.1,26.7,11298.09,36.0460091,03:51:46,0
1392,7,01:30:40,3.0813,7.492,23.1,26.7,11318.07,36.1075745,03:51:56,0
1393,7,01:30:50,3.0806,7.492,23.1,26.7,11339.3,36.1729927,03:52:06,0
1394,7,01:31:00,3.0799,7.492,23.1,26.7,11360.54,36.2384186,03:52:16,0
1395,7,01:31:10,3.0792,7.492,23.1,26.7,11380.94,36.3012352,03:52:26,0
1396,7,01:31:20,3.0785,7.492,23.1,26.7,11402.17,36.3666,03:52:36,0
1397,7,01:31:30,3.0778,7.492,23.1,26.7,11423,36.430687,03:52:46,0
1398,7,01:31:40,3.077,7.492,23.1,26.7,11444.23,36.4960403,03:52:56,0
1399,7,01:31:50,3.0763,7.492,23,26.7,11464.63,36.5588112,03:53:06,0
1400,7,01:32:00,3.0755,7.492,23,26.7,11485.86,36.6241074,03:53:16,0
1401,7,01:32:10,3.0748,7.492,23,26.7,11505.44,36.6842995,03:53:26,0
1402,7,01:32:20,3.0739,7.492,23,26.7,11527.08,36.750843,03:53:36,0
1403,7,01:32:30,3.0731,7.492,23,26.7,11547.5,36.8135796,03:53:46,0
1404,7,01:32:40,3.0723,7.492,23,26.7,11568.74,36.878849,03:53:56,0
1405,7,01:32:50,3.0715,7.492,23,26.7,11588.73,36.9402504,03:54:06,0
1406,7,01:33:00,3.0706,7.492,23,26.7,11610.37,37.0067291,03:54:16,0
1407,7,01:33:10,3.0697,7.492,23,26.7,11630.77,37.0693512,03:54:26,0
1408,7,01:33:20,3.0685,7.492,23,26.7,11652.01,37.1345329,03:54:36,0
1409,7,01:33:30,3.0676,7.492,23,26.7,11671.99,37.1958389,03:54:46,0
1410,7,01:33:40,3.0666,7.492,23,26.7,11693.65,37.2622566,03:54:56,0
1411,7,01:33:50,3.0656,7.492,23,26.7,11714.04,37.3247948,03:55:06,0
1412,7,01:34:00,3.0645,7.492,23,26.7,11735.27,37.3898659,03:55:16,0
1413,7,01:34:10,3.0634,7.492,23,26.7,11755.25,37.4510918,03:55:26,0
1414,7,01:34:20,3.0622,7.492,22.9,26.7,11776.9,37.5173912,03:55:36,0
1415,7,01:34:30,3.0612,7.492,22.9,26.7,11796.89,37.5785866,03:55:46,0
1416,7,01:34:40,3.0597,7.492,22.9,26.7,11818.55,37.6448746,03:55:56,0
1417,7,01:34:50,3.0585,7.492,22.9,26.7,11839.78,37.7098312,03:56:06,0
1418,7,01:35:00,3.0572,7.492,22.9,26.7,11859.79,37.7710152,03:56:16,0
1419,7,01:35:10,3.0559,7.492,22.9,26.7,11881.02,37.8359032,03:56:26,0
1420,7,01:35:20,3.0545,7.492,22.9,26.7,11901.42,37.8982239,03:56:36,0
1421,7,01:35:30,3.0529,7.492,22.9,26.7,11923.07,37.964344,03:56:46,0
1422,7,01:35:40,3.0514,7.492,22.9,26.7,11943.05,38.0253296,03:56:56,0
1423,7,01:35:50,3.0499,7.492,22.9,26.7,11963.87,38.0888481,03:57:06,0
1424,7,01:36:00,3.0483,7.492,22.8,26.7,11985.54,38.1549301,03:57:16,0
1425,7,01:36:10,3.0467,7.492,22.8,26.7,12005.52,38.2158203,03:57:26,0
1426,7,01:36:20,3.045,7.492,22.8,26.7,12027.17,38.281765,03:57:36,0
1427,7,01:36:30,3.0432,7.492,22.8,26.7,12047.57,38.3438416,03:57:46,0
1428,7,01:36:40,3.0412,7.492,22.8,26.7,12068.81,38.4084511,03:57:56,0
1429,7,01:36:50,3.0393,7.492,22.8,26.8,12089.2,38.4704514,03:58:06,0
1430,7,01:37:00,3.0374,7.492,22.8,26.8,12109.19,38.5311737,03:58:16,0
1431,7,01:37:10,3.0354,7.492,22.7,26.8,12130.42,38.5956497,03:58:26,0
1432,7,01:37:20,3.0332,7.492,22.7,26.8,12152.08,38.6613579,03:58:36,0
1433,7,01:37:30,3.0311,7.492,22.7,26.8,12172.08,38.7219887,03:58:46,0
1434,7,01:37:40,3.0289,7.492,22.7,26.8,12192.05,38.7825241,03:58:56,0
1435,7,01:37:50,3.0265,7.492,22.7,26.8,12213.29,38.8468208,03:59:06,0
1436,7,01:38:00,3.024,7.492,22.7,26.8,12233.69,38.9085388,03:59:16,0
1437,7,01:38:10,3.0212,7.492,22.6,26.8,12254.92,38.9727058,03:59:26,0
1438,7,01:38:20,3.0186,7.492,22.6,26.8,12275.32,39.0343094,03:59:36,0
1439,7,01:38:30,3.0158,7.492,22.6,26.8,12296.56,39.0983849,03:59:46,0
1440,7,01:38:40,3.0129,7.492,22.6,26.8,12318.2,39.1636276,03:59:56,0
1441,7,01:38:50,3.01,7.492,22.6,26.8,12337.76,39.2225342,04:00:06,0
1442,7,01:39:00,3.0069,7.492,22.5,26.8,12359.42,39.2876663,04:00:16,0
1443,7,01:39:10,3.0032,7.492,22.5,26.9,12380.65,39.3514824,04:00:26,0
1444,7,01:39:20,2.9998,7.492,22.5,26.9,12400.64,39.4114723,04:00:36,0
1445,7,01:39:30,2.9963,7.492,22.4,26.9,12422.29,39.4763832,04:00:46,0
1446,7,01:39:40,2.9927,7.492,22.4,26.9,12442.69,39.5374832,04:00:56,0
1447,7,01:39:50,2.9889,7.492,22.4,26.9,12463.93,39.6009903,04:01:06,0
1448,7,01:40:00,2.985,7.492,22.4,26.9,12484.74,39.6631584,04:01:16,0
1449,7,01:40:10,2.9808,7.492,22.3,26.9,12504.74,39.7227936,04:01:26,0
1450,7,01:40:20,2.9759,7.492,22.3,26.9,12526.39,39.7872696,04:01:36,0
1451,7,01:40:30,2.9713,7.492,22.3,26.9,12546.79,39.8479309,04:01:46,0
1452,7,01:40:40,2.9666,7.492,22.2,27,12567.19,39.9084854,04:01:56,0
1453,7,01:40:50,2.9617,7.492,22.2,27,12588.42,39.9714088,04:02:06,0
1454,7,01:41:00,2.9565,7.492,22.2,27,12608.82,40.0317802,04:02:16,0
1455,7,01:41:10,2.9511,7.492,22.1,27,12630.06,40.0945091,04:02:26,0
1456,7,01:41:20,2.9446,7.492,22.1,27,12651.29,40.157074,04:02:36,0
1457,7,01:41:30,2.9394,7.492,22,27,12671.27,40.2158661,04:02:46,0
1458,7,01:41:40,2.9323,7.492,22,27.1,12692.5,40.2781982,04:02:56,0
1459,7,01:41:50,2.9258,7.492,21.9,27.1,12713.74,40.3404121,04:03:06,0
1460,7,01:42:00,2.919,7.492,21.9,27.1,12733.72,40.3988075,04:03:16,0
1461,7,01:42:10,2.9119,7.492,21.8,27.1,12754.95,40.4607124,04:03:26,0
1462,7,01:42:20,2.9045,7.492,21.8,27.1,12775.36,40.5200348,04:03:36,0
1463,7,01:42:30,2.8958,7.492,21.7,27.1,12797.01,40.5828285,04:03:46,0
1464,7,01:42:40,2.8889,7.492,21.6,27.2,12817.41,40.6418228,04:03:56,0
1465,7,01:42:50,2.8796,7.492,21.6,27.2,12838.64,40.7030449,04:04:06,0
1466,7,01:43:00,2.871,7.492,21.5,27.2,12859.05,40.7617187,04:04:16,0
1467,7,01:43:10,2.8622,7.492,21.4,27.2,12880.29,40.8226089,04:04:26,0
1468,7,01:43:20,2.853,7.492,21.4,27.2,12900.28,40.8796921,04:04:36,0
1469,7,01:43:30,2.8435,7.492,21.3,27.2,12921.93,40.9413528,04:04:46,0
1470,7,01:43:40,2.8337,7.492,21.2,27.3,12941.91,40.9980698,04:04:56,0
1471,7,01:43:50,2.822,7.492,21.1,27.3,12963.56,41.0592957,04:05:06,0
1472,7,01:44:00,2.813,7.492,21.1,27.3,12983.55,41.115593,04:05:16,0
1473,7,01:44:10,2.8005,7.492,21,27.3,13004.78,41.1751671,04:05:26,0
1474,7,01:44:20,2.7891,7.492,20.9,27.4,13024.76,41.2310219,04:05:36,0
1475,7,01:44:30,2.7773,7.492,20.8,27.4,13045.99,41.2901039,04:05:46,0
1476,7,01:44:40,2.765,7.492,20.7,27.4,13067.63,41.3500671,04:05:56,0
1477,7,01:44:50,2.7522,7.492,20.6,27.4,13087.62,41.4051895,04:06:06,0
1478,7,01:45:00,2.7369,7.492,20.5,27.5,13109.27,41.4646072,04:06:16,0
1479,7,01:45:10,2.7251,7.492,20.4,27.5,13128.84,41.5180283,04:06:26,0
1480,7,01:45:20,2.7085,7.492,20.3,27.5,13150.49,41.5768394,04:06:36,0
1481,7,01:45:30,2.6932,7.492,20.2,27.5,13171.73,41.6341782,04:06:46,0
1482,7,01:45:40,2.6772,7.492,20.1,27.6,13191.71,41.6878471,04:06:56,0
1483,7,01:45:50,2.6605,7.492,19.9,27.6,13213.36,41.7456131,04:07:06,0
1484,7,01:46:00,2.6429,7.492,19.8,27.6,13233.35,41.7985878,04:07:16,0
1485,7,01:46:10,2.6242,7.492,19.7,27.6,13254.58,41.8544846,04:07:26,0
1486,7,01:46:20,2.6042,7.492,19.5,27.6,13274.57,41.9067001,04:07:36,0
1487,7,01:46:30,2.5794,7.492,19.3,27.7,13295.82,41.9617577,04:07:46,0
1488,7,01:46:40,2.5557,7.492,19.1,27.7,13317.46,42.0173302,04:07:56,0
1489,7,01:46:50,2.5301,7.492,19,27.7,13337.45,42.0681381,04:08:06,0
1490,7,01:47:00,2.5026,7.492,18.7,27.7,13358.68,42.121563,04:08:16,0
1491,7,01:47:01,2.4985,7.492,18.7,27.7,13361.6,42.128849,04:08:17,EV
1492,8,00:00:10,2.6466,0,0,27.8,0,0,04:08:27,0
1493,8,00:00:20,2.668,0,0,27.8,0,0,04:08:37,0
1494,8,00:00:30,2.6817,0,0,27.8,0,0,04:08:47,0
1495,8,00:00:40,2.6915,0,0,27.7,0,0,04:08:57,0
1496,8,00:00:50,2.6989,0,0,27.7,0,0,04:09:07,0
1497,8,00:01:00,2.7047,0,0,27.7,0,0,04:09:17,0
1498,8,00:01:10,2.7099,0,0,27.7,0,0,04:09:27,0
1499,8,00:01:20,2.7132,0,0,27.7,0,0,04:09:37,0
1500,8,00:01:30,2.7168,0,0,27.7,0,0,04:09:47,0
1501,8,00:01:40,2.7196,0,0,27.7,0,0,04:09:57,0
1502,8,00:01:50,2.722,0,0,27.6,0,0,04:10:07,0
1503,8,00:02:00,2.7241,0,0,27.6,0,0,04:10:17,0
1504,8,00:02:10,2.7261,0,0,27.6,0,0,04:10:27,0
1505,8,00:02:20,2.7278,0,0,27.5,0,0,04:10:37,0
1506,8,00:02:30,2.7295,0,0,27.5,0,0,04:10:47,0
1507,8,00:02:40,2.7309,0,0,27.5,0,0,04:10:57,0
1508,8,00:02:50,2.7322,0,0,27.5,0,0,04:11:07,0
1509,8,00:03:00,2.7334,0,0,27.4,0,0,04:11:17,0
1510,8,00:03:10,2.7346,0,0,27.4,0,0,04:11:27,0
1511,8,00:03:20,2.7357,0,0,27.4,0,0,04:11:37,0
1512,8,00:03:30,2.7367,0,0,27.4,0,0,04:11:47,0
1513,8,00:03:40,2.7376,0,0,27.3,0,0,04:11:57,0
1514,8,00:03:50,2.7386,0,0,27.3,0,0,04:12:07,0
1515,8,00:04:00,2.7395,0,0,27.3,0,0,04:12:17,0
1516,8,00:04:10,2.7402,0,0,27.3,0,0,04:12:27,0
1517,8,00:04:20,2.741,0,0,27.3,0,0,04:12:37,0
1518,8,00:04:30,2.7417,0,0,27.2,0,0,04:12:47,0
1519,8,00:04:40,2.7424,0,0,27.2,0,0,04:12:57,0
1520,8,00:04:50,2.7433,0,0,27.2,0,0,04:13:07,0
1521,8,00:05:00,2.7439,0,0,27.2,0,0,04:13:17,0
1522,8,00:05:10,2.7446,0,0,27.1,0,0,04:13:27,0
1523,8,00:05:20,2.7452,0,0,27.1,0,0,04:13:37,0
1524,8,00:05:30,2.7458,0,0,27.1,0,0,04:13:47,0
1525,8,00:05:40,2.7464,0,0,27.1,0,0,04:13:57,0
1526,8,00:05:50,2.7469,0,0,27,0,0,04:14:07,0
1527,8,00:06:00,2.7475,0,0,27,0,0,04:14:17,0
1528,8,00:06:10,2.748,0,0,27,0,0,04:14:27,0
1529,8,00:06:20,2.7486,0,0,27,0,0,04:14:37,0
1530,8,00:06:30,2.7491,0,0,26.9,0,0,04:14:47,0
1531,8,00:06:40,2.7496,0,0,26.9,0,0,04:14:57,0
1532,8,00:06:50,2.75,0,0,26.9,0,0,04:15:07,0
1533,8,00:07:00,2.7505,0,0,26.9,0,0,04:15:17,0
1534,8,00:07:10,2.751,0,0,26.9,0,0,04:15:27,0
1535,8,00:07:20,2.7516,0,0,26.8,0,0,04:15:37,0
1536,8,00:07:30,2.752,0,0,26.8,0,0,04:15:47,0
1537,8,00:07:40,2.7524,0,0,26.8,0,0,04:15:57,0
1538,8,00:07:50,2.7529,0,0,26.8,0,0,04:16:07,0
1539,8,00:08:00,2.7533,0,0,26.8,0,0,04:16:17,0
1540,8,00:08:10,2.7537,0,0,26.7,0,0,04:16:27,0
1541,8,00:08:20,2.7541,0,0,26.7,0,0,04:16:37,0
1542,8,00:08:30,2.7546,0,0,26.7,0,0,04:16:47,0
1543,8,00:08:40,2.755,0,0,26.7,0,0,04:16:57,0
1544,8,00:08:50,2.7553,0,0,26.6,0,0,04:17:07,0
1545,8,00:09:00,2.7557,0,0,26.6,0,0,04:17:17,0
1546,8,00:09:10,2.7561,0,0,26.6,0,0,04:17:27,0
1547,8,00:09:20,2.7564,0,0,26.6,0,0,04:17:37,0
1548,8,00:09:30,2.7568,0,0,26.6,0,0,04:17:47,0
1549,8,00:09:40,2.7572,0,0,26.5,0,0,04:17:57,0
1550,8,00:09:50,2.7576,0,0,26.5,0,0,04:18:07,0
1551,8,00:10:00,2.7579,0,0,26.5,0,0,04:18:17,0
1552,8,00:10:10,2.7583,0,0,26.5,0,0,04:18:27,0
1553,8,00:10:20,2.7586,0,0,26.5,0,0,04:18:37,0
1554,8,00:10:30,2.759,0,0,26.5,0,0,04:18:47,0
1555,8,00:10:40,2.7593,0,0,26.4,0,0,04:18:57,0
1556,8,00:10:50,2.7597,0,0,26.4,0,0,04:19:07,0
1557,8,00:11:00,2.7601,0,0,26.4,0,0,04:19:17,0
1558,8,00:11:10,2.7604,0,0,26.4,0,0,04:19:27,0
1559,8,00:11:20,2.7607,0,0,26.3,0,0,04:19:37,0
1560,8,00:11:30,2.761,0,0,26.3,0,0,04:19:47,0
1561,8,00:11:40,2.7613,0,0,26.3,0,0,04:19:57,0
1562,8,00:11:50,2.7616,0,0,26.3,0,0,04:20:07,0
1563,8,00:12:00,2.7619,0,0,26.2,0,0,04:20:17,0
1564,8,00:12:10,2.7622,0,0,26.2,0,0,04:20:27,0
1565,8,00:12:20,2.7625,0,0,26.2,0,0,04:20:37,0
1566,8,00:12:30,2.7628,0,0,26.2,0,0,04:20:47,0
1567,8,00:12:40,2.7631,0,0,26.2,0,0,04:20:57,0
1568,8,00:12:50,2.7634,0,0,26.2,0,0,04:21:07,0
1569,8,00:13:00,2.7637,0,0,26.1,0,0,04:21:17,0
1570,8,00:13:10,2.764,0,0,26.1,0,0,04:21:27,0
1571,8,00:13:20,2.7643,0,0,26.1,0,0,04:21:37,0
1572,8,00:13:30,2.7646,0,0,26.1,0,0,04:21:47,0
1573,8,00:13:40,2.7649,0,0,26.1,0,0,04:21:57,0
1574,8,00:13:50,2.7651,0,0,26,0,0,04:22:07,0
1575,8,00:14:00,2.7654,0,0,26,0,0,04:22:17,0
1576,8,00:14:10,2.7657,0,0,26,0,0,04:22:27,0
1577,8,00:14:20,2.7659,0,0,26,0,0,04:22:37,0
1578,8,00:14:30,2.7663,0,0,26,0,0,04:22:47,0
1579,8,00:14:40,2.7665,0,0,26,0,0,04:22:57,0
1580,8,00:14:50,2.7668,0,0,25.9,0,0,04:23:07,0
1581,8,00:15:00,2.767,0,0,25.9,0,0,04:23:17,0
1582,8,00:15:10,2.7673,0,0,25.9,0,0,04:23:27,0
1583,8,00:15:20,2.7675,0,0,25.9,0,0,04:23:37,0
1584,8,00:15:30,2.7678,0,0,25.9,0,0,04:23:47,0
1585,8,00:15:40,2.7681,0,0,25.9,0,0,04:23:57,0
1586,8,00:15:50,2.7684,0,0,25.8,0,0,04:24:07,0
1587,8,00:16:00,2.7686,0,0,25.8,0,0,04:24:17,0
1588,8,00:16:10,2.7689,0,0,25.8,0,0,04:24:27,0
1589,8,00:16:20,2.7691,0,0,25.8,0,0,04:24:37,0
1590,8,00:16:30,2.7694,0,0,25.8,0,0,04:24:47,0
1591,8,00:16:40,2.7696,0,0,25.7,0,0,04:24:57,0
1592,8,00:16:50,2.7699,0,0,25.7,0,0,04:25:07,0
1593,8,00:17:00,2.7701,0,0,25.7,0,0,04:25:17,0
1594,8,00:17:10,2.7704,0,0,25.7,0,0,04:25:27,0
1595,8,00:17:20,2.7706,0,0,25.7,0,0,04:25:37,0
1596,8,00:17:30,2.7708,0,0,25.7,0,0,04:25:47,0
1597,8,00:17:40,2.7711,0,0,25.7,0,0,04:25:57,0
1598,8,00:17:50,2.7713,0,0,25.7,0,0,04:26:07,0
1599,8,00:18:00,2.7715,0,0,25.6,0,0,04:26:17,0
1600,8,00:18:10,2.7718,0,0,25.6,0,0,04:26:27,0
1601,8,00:18:20,2.772,0,0,25.6,0,0,04:26:37,0
1602,8,00:18:30,2.7722,0,0,25.6,0,0,04:26:47,0
1603,8,00:18:40,2.7724,0,0,25.6,0,0,04:26:57,0
1604,8,00:18:50,2.7726,0,0,25.6,0,0,04:27:07,0
1605,8,00:19:00,2.7728,0,0,25.5,0,0,04:27:17,0
1606,8,00:19:10,2.7731,0,0,25.5,0,0,04:27:27,0
1607,8,00:19:20,2.7733,0,0,25.5,0,0,04:27:37,0
1608,8,00:19:30,2.7735,0,0,25.5,0,0,04:27:47,0
1609,8,00:19:40,2.7737,0,0,25.5,0,0,04:27:57,0
1610,8,00:19:50,2.7739,0,0,25.5,0,0,04:28:07,0
1611,8,00:20:00,2.7742,0,0,25.5,0,0,04:28:17,0
1612,8,00:20:10,2.7744,0,0,25.4,0,0,04:28:27,0
1613,8,00:20:20,2.7746,0,0,25.4,0,0,04:28:37,0
1614,8,00:20:30,2.7748,0,0,25.4,0,0,04:28:47,0
1615,8,00:20:40,2.775,0,0,25.4,0,0,04:28:57,0
1616,8,00:20:50,2.7752,0,0,25.4,0,0,04:29:07,0
1617,8,00:21:00,2.7754,0,0,25.4,0,0,04:29:17,0
1618,8,00:21:10,2.7756,0,0,25.4,0,0,04:29:27,0
1619,8,00:21:20,2.7758,0,0,25.4,0,0,04:29:37,0
1620,8,00:21:30,2.776,0,0,25.3,0,0,04:29:47,0
1621,8,00:21:40,2.7763,0,0,25.3,0,0,04:29:57,0
1622,8,00:21:50,2.7764,0,0,25.3,0,0,04:30:07,0
1623,8,00:22:00,2.7768,0,0,25.3,0,0,04:30:17,0
1624,8,00:22:10,2.7769,0,0,25.3,0,0,04:30:27,0
1625,8,00:22:20,2.7771,0,0,25.3,0,0,04:30:37,0
1626,8,00:22:30,2.7773,0,0,25.3,0,0,04:30:47,0
1627,8,00:22:40,2.7775,0,0,25.3,0,0,04:30:57,0
1628,8,00:22:50,2.7777,0,0,25.2,0,0,04:31:07,0
1629,8,00:23:00,2.7779,0,0,25.2,0,0,04:31:17,0
1630,8,00:23:10,2.7781,0,0,25.2,0,0,04:31:27,0
1631,8,00:23:20,2.7783,0,0,25.2,0,0,04:31:37,0
1632,8,00:23:30,2.7785,0,0,25.2,0,0,04:31:47,0
1633,8,00:23:40,2.7787,0,0,25.2,0,0,04:31:57,0
1634,8,00:23:50,2.7789,0,0,25.2,0,0,04:32:07,0
1635,8,00:24:00,2.7791,0,0,25.2,0,0,04:32:17,0
1636,8,00:24:10,2.7793,0,0,25.2,0,0,04:32:27,0
1637,8,00:24:20,2.7794,0,0,25.2,0,0,04:32:37,0
1638,8,00:24:30,2.7796,0,0,25.1,0,0,04:32:47,0
1639,8,00:24:40,2.7798,0,0,25.1,0,0,04:32:57,0
1640,8,00:24:50,2.78,0,0,25.1,0,0,04:33:07,0
1641,8,00:25:00,2.7802,0,0,25.1,0,0,04:33:17,0
1642,8,00:25:10,2.7804,0,0,25.1,0,0,04:33:27,0
1643,8,00:25:20,2.7806,0,0,25.1,0,0,04:33:37,0
1644,8,00:25:30,2.7807,0,0,25.1,0,0,04:33:47,0
1645,8,00:25:40,2.7809,0,0,25.1,0,0,04:33:57,0
1646,8,00:25:50,2.7811,0,0,25.1,0,0,04:34:07,0
1647,8,00:26:00,2.7813,0,0,25,0,0,04:34:17,0
1648,8,00:26:10,2.7814,0,0,25,0,0,04:34:27,0
1649,8,00:26:20,2.7816,0,0,25,0,0,04:34:37,0
1650,8,00:26:30,2.7818,0,0,25,0,0,04:34:47,0
1651,8,00:26:40,2.782,0,0,25,0,0,04:34:57,0
1652,8,00:26:50,2.7822,0,0,25,0,0,04:35:07,0
1653,8,00:27:00,2.7823,0,0,25,0,0,04:35:17,0
1654,8,00:27:10,2.7825,0,0,25,0,0,04:35:27,0
1655,8,00:27:20,2.7827,0,0,25,0,0,04:35:37,0
1656,8,00:27:30,2.7829,0,0,24.9,0,0,04:35:47,0
1657,8,00:27:40,2.783,0,0,24.9,0,0,04:35:57,0
1658,8,00:27:50,2.7832,0,0,24.9,0,0,04:36:07,0
1659,8,00:28:00,2.7834,0,0,24.9,0,0,04:36:17,0
1660,8,00:28:10,2.7835,0,0,24.9,0,0,04:36:27,0
1661,8,00:28:20,2.7837,0,0,24.9,0,0,04:36:37,0
1662,8,00:28:30,2.7839,0,0,24.9,0,0,04:36:47,0
1663,8,00:28:40,2.784,0,0,24.9,0,0,04:36:57,0
1664,8,00:28:50,2.7842,0,0,24.9,0,0,04:37:07,0
1665,8,00:29:00,2.7844,0,0,24.9,0,0,04:37:17,0
1666,8,00:29:10,2.7845,0,0,24.9,0,0,04:37:27,0
1667,8,00:29:20,2.7847,0,0,24.8,0,0,04:37:37,0
1668,8,00:29:30,2.7849,0,0,24.8,0,0,04:37:47,0
1669,8,00:29:40,2.7851,0,0,24.8,0,0,04:37:57,0
1670,8,00:29:50,2.7853,0,0,24.8,0,0,04:38:07,0
1671,8,00:30:00,2.7854,0,0,24.8,0,0,04:38:17,0
1672,8,00:30:10,2.7856,0,0,24.8,0,0,04:38:27,0
1673,8,00:30:20,2.7858,0,0,24.8,0,0,04:38:37,0
1674,8,00:30:30,2.786,0,0,24.8,0,0,04:38:47,0
1675,8,00:30:40,2.7861,0,0,24.8,0,0,04:38:57,0
1676,8,00:30:50,2.7863,0,0,24.8,0,0,04:39:07,0
1677,8,00:31:00,2.7864,0,0,24.7,0,0,04:39:17,0
1678,8,00:31:10,2.7866,0,0,24.7,0,0,04:39:27,0
1679,8,00:31:20,2.7867,0,0,24.7,0,0,04:39:37,0
1680,8,00:31:30,2.7869,0,0,24.7,0,0,04:39:47,0
1681,8,00:31:40,2.7871,0,0,24.7,0,0,04:39:57,0
1682,8,00:31:50,2.7872,0,0,24.7,0,0,04:40:07,0
1683,8,00:32:00,2.7874,0,0,24.7,0,0,04:40:17,0
1684,8,00:32:10,2.7875,0,0,24.7,0,0,04:40:27,0
1685,8,00:32:20,2.7877,0,0,24.7,0,0,04:40:37,0
1686,8,00:32:30,2.7878,0,0,24.6,0,0,04:40:47,0
1687,8,00:32:40,2.788,0,0,24.6,0,0,04:40:57,0
1688,8,00:32:50,2.7881,0,0,24.6,0,0,04:41:07,0
1689,8,00:33:00,2.7883,0,0,24.6,0,0,04:41:17,0
1690,8,00:33:10,2.7884,0,0,24.6,0,0,04:41:27,0
1691,8,00:33:20,2.7886,0,0,24.6,0,0,04:41:37,0
1692,8,00:33:30,2.7887,0,0,24.6,0,0,04:41:47,0
1693,8,00:33:40,2.7889,0,0,24.6,0,0,04:41:57,0
1694,8,00:33:50,2.7891,0,0,24.6,0,0,04:42:07,0
1695,8,00:34:00,2.7892,0,0,24.6,0,0,04:42:17,0
1696,8,00:34:10,2.7893,0,0,24.6,0,0,04:42:27,0
1697,8,00:34:20,2.7895,0,0,24.6,0,0,04:42:37,0
1698,8,00:34:30,2.7896,0,0,24.6,0,0,04:42:47,0
1699,8,00:34:40,2.7898,0,0,24.6,0,0,04:42:57,0
1700,8,00:34:50,2.7899,0,0,24.5,0,0,04:43:07,0
1701,8,00:35:00,2.7901,0,0,24.5,0,0,04:43:17,0
1702,8,00:35:10,2.7903,0,0,24.5,0,0,04:43:27,0
1703,8,00:35:20,2.7904,0,0,24.5,0,0,04:43:37,0
1704,8,00:35:30,2.7905,0,0,24.5,0,0,04:43:47,0
1705,8,00:35:40,2.7907,0,0,24.5,0,0,04:43:57,0
1706,8,00:35:50,2.7908,0,0,24.5,0,0,04:44:07,0
1707,8,00:36:00,2.7909,0,0,24.5,0,0,04:44:17,0
1708,8,00:36:10,2.7911,0,0,24.5,0,0,04:44:27,0
1709,8,00:36:20,2.7913,0,0,24.5,0,0,04:44:37,0
1710,8,00:36:30,2.7914,0,0,24.5,0,0,04:44:47,0
1711,8,00:36:40,2.7915,0,0,24.5,0,0,04:44:57,0
1712,8,00:36:50,2.7917,0,0,24.5,0,0,04:45:07,0
1713,8,00:37:00,2.7918,0,0,24.4,0,0,04:45:17,0
1714,8,00:37:10,2.792,0,0,24.4,0,0,04:45:27,0
1715,8,00:37:20,2.7921,0,0,24.4,0,0,04:45:37,0
1716,8,00:37:30,2.7922,0,0,24.4,0,0,04:45:47,0
1717,8,00:37:40,2.7924,0,0,24.4,0,0,04:45:57,0
1718,8,00:37:50,2.7925,0,0,24.4,0,0,04:46:07,0
1719,8,00:38:00,2.7927,0,0,24.4,0,0,04:46:17,0
1720,8,00:38:10,2.7928,0,0,24.4,0,0,04:46:27,0
1721,8,00:38:20,2.7929,0,0,24.4,0,0,04:46:37,0
1722,8,00:38:30,2.7931,0,0,24.4,0,0,04:46:47,0
1723,8,00:38:40,2.7932,0,0,24.4,0,0,04:46:57,0
1724,8,00:38:50,2.7934,0,0,24.4,0,0,04:47:07,0
1725,8,00:39:00,2.7936,0,0,24.4,0,0,04:47:17,0
1726,8,00:39:10,2.7937,0,0,24.4,0,0,04:47:27,0
1727,8,00:39:20,2.7939,0,0,24.3,0,0,04:47:37,0
1728,8,00:39:30,2.794,0,0,24.3,0,0,04:47:47,0
1729,8,00:39:40,2.7941,0,0,24.3,0,0,04:47:57,0
1730,8,00:39:50,2.7943,0,0,24.3,0,0,04:48:07,0
1731,8,00:40:00,2.7944,0,0,24.3,0,0,04:48:17,0
1732,8,00:40:10,2.7946,0,0,24.3,0,0,04:48:27,0
1733,8,00:40:20,2.7947,0,0,24.3,0,0,04:48:37,0
1734,8,00:40:30,2.7948,0,0,24.3,0,0,04:48:47,0
1735,8,00:40:40,2.795,0,0,24.3,0,0,04:48:57,0
1736,8,00:40:50,2.7951,0,0,24.3,0,0,04:49:07,0
1737,8,00:41:00,2.7952,0,0,24.3,0,0,04:49:17,0
1738,8,00:41:10,2.7953,0,0,24.3,0,0,04:49:27,0
1739,8,00:41:20,2.7955,0,0,24.3,0,0,04:49:37,0
1740,8,00:41:30,2.7956,0,0,24.3,0,0,04:49:47,0
1741,8,00:41:40,2.7957,0,0,24.3,0,0,04:49:57,0
1742,8,00:41:50,2.7959,0,0,24.2,0,0,04:50:07,0
1743,8,00:42:00,2.796,0,0,24.2,0,0,04:50:17,0
1744,8,00:42:10,2.7961,0,0,24.2,0,0,04:50:27,0
1745,8,00:42:20,2.7962,0,0,24.2,0,0,04:50:37,0
1746,8,00:42:30,2.7964,0,0,24.2,0,0,04:50:47,0
1747,8,00:42:40,2.7965,0,0,24.2,0,0,04:50:57,0
1748,8,00:42:50,2.7966,0,0,24.2,0,0,04:51:07,0
1749,8,00:43:00,2.7968,0,0,24.2,0,0,04:51:17,0
1750,8,00:43:10,2.7969,0,0,24.2,0,0,04:51:27,0
1751,8,00:43:20,2.797,0,0,24.2,0,0,04:51:37,0
1752,8,00:43:30,2.7971,0,0,24.2,0,0,04:51:47,0
1753,8,00:43:40,2.7973,0,0,24.2,0,0,04:51:57,0
1754,8,00:43:50,2.7974,0,0,24.2,0,0,04:52:07,0
1755,8,00:44:00,2.7975,0,0,24.2,0,0,04:52:17,0
1756,8,00:44:10,2.7976,0,0,24.2,0,0,04:52:27,0
1757,8,00:44:20,2.7978,0,0,24.2,0,0,04:52:37,0
1758,8,00:44:30,2.7979,0,0,24.2,0,0,04:52:47,0
1759,8,00:44:40,2.798,0,0,24.2,0,0,04:52:57,0
1760,8,00:44:50,2.7982,0,0,24.2,0,0,04:53:07,0
1761,8,00:45:00,2.7983,0,0,24.2,0,0,04:53:17,0
1762,8,00:45:10,2.7984,0,0,24.2,0,0,04:53:27,0
1763,8,00:45:20,2.7985,0,0,24.1,0,0,04:53:37,0
1764,8,00:45:30,2.7986,0,0,24.1,0,0,04:53:47,0
1765,8,00:45:40,2.7988,0,0,24.1,0,0,04:53:57,0
1766,8,00:45:50,2.7989,0,0,24.1,0,0,04:54:07,0
1767,8,00:46:00,2.799,0,0,24.1,0,0,04:54:17,0
1768,8,00:46:10,2.7991,0,0,24.1,0,0,04:54:27,0
1769,8,00:46:20,2.7993,0,0,24.1,0,0,04:54:37,0
1770,8,00:46:30,2.7994,0,0,24.1,0,0,04:54:47,0
1771,8,00:46:40,2.7995,0,0,24.1,0,0,04:54:57,0
1772,8,00:46:50,2.7996,0,0,24.1,0,0,04:55:07,0
1773,8,00:47:00,2.7998,0,0,24.1,0,0,04:55:17,0
1774,8,00:47:10,2.7999,0,0,24.1,0,0,04:55:27,0
1775,8,00:47:20,2.8,0,0,24.1,0,0,04:55:37,0
1776,8,00:47:30,2.8001,0,0,24.1,0,0,04:55:47,0
1777,8,00:47:40,2.8002,0,0,24.1,0,0,04:55:57,0
1778,8,00:47:50,2.8003,0,0,24.1,0,0,04:56:07,0
1779,8,00:48:00,2.8005,0,0,24.1,0,0,04:56:17,0
1780,8,00:48:10,2.8006,0,0,24.1,0,0,04:56:27,0
1781,8,00:48:20,2.8007,0,0,24.1,0,0,04:56:37,0
1782,8,00:48:30,2.8008,0,0,24.1,0,0,04:56:47,0
1783,8,00:48:40,2.8009,0,0,24,0,0,04:56:57,0
1784,8,00:48:50,2.8011,0,0,24,0,0,04:57:07,0
1785,8,00:49:00,2.8012,0,0,24,0,0,04:57:17,0
1786,8,00:49:10,2.8013,0,0,24,0,0,04:57:27,0
1787,8,00:49:20,2.8014,0,0,24,0,0,04:57:37,0
1788,8,00:49:30,2.8015,0,0,24,0,0,04:57:47,0
1789,8,00:49:40,2.8017,0,0,24,0,0,04:57:57,0
1790,8,00:49:50,2.8018,0,0,24,0,0,04:58:07,0
1791,8,00:50:00,2.8019,0,0,24,0,0,04:58:17,0
1792,8,00:50:10,2.8021,0,0,24,0,0,04:58:27,0
1793,8,00:50:20,2.8022,0,0,24,0,0,04:58:37,0
1794,8,00:50:30,2.8023,0,0,24,0,0,04:58:47,0
1795,8,00:50:40,2.8025,0,0,24,0,0,04:58:57,0
1796,8,00:50:50,2.8026,0,0,24,0,0,04:59:07,0
1797,8,00:51:00,2.8027,0,0,24,0,0,04:59:17,0
1798,8,00:51:10,2.8028,0,0,24,0,0,04:59:27,0
1799,8,00:51:20,2.8029,0,0,24,0,0,04:59:37,0
1800,8,00:51:30,2.803,0,0,24,0,0,04:59:47,0
1801,8,00:51:40,2.8032,0,0,24,0,0,04:59:57,0
1802,8,00:51:50,2.8033,0,0,24,0,0,05:00:07,0
1803,8,00:52:00,2.8034,0,0,24,0,0,05:00:17,0
1804,8,00:52:10,2.8035,0,0,24,0,0,05:00:27,0
1805,8,00:52:20,2.8036,0,0,24,0,0,05:00:37,0
1806,8,00:52:30,2.8037,0,0,24,0,0,05:00:47,0
1807,8,00:52:40,2.8038,0,0,23.9,0,0,05:00:57,0
1808,8,00:52:50,2.8039,0,0,23.9,0,0,05:01:07,0
1809,8,00:53:00,2.804,0,0,23.9,0,0,05:01:17,0
1810,8,00:53:10,2.8042,0,0,23.9,0,0,05:01:27,0
1811,8,00:53:20,2.8043,0,0,23.9,0,0,05:01:37,0
1812,8,00:53:30,2.8044,0,0,23.9,0,0,05:01:47,0
1813,8,00:53:40,2.8045,0,0,23.9,0,0,05:01:57,0
1814,8,00:53:50,2.8046,0,0,23.9,0,0,05:02:07,0
1815,8,00:54:00,2.8047,0,0,23.9,0,0,05:02:17,0
1816,8,00:54:10,2.8048,0,0,23.9,0,0,05:02:27,0
1817,8,00:54:20,2.8049,0,0,23.9,0,0,05:02:37,0
1818,8,00:54:30,2.8051,0,0,23.9,0,0,05:02:47,0
1819,8,00:54:40,2.8051,0,0,23.9,0,0,05:02:57,0
1820,8,00:54:50,2.8053,0,0,23.9,0,0,05:03:07,0
1821,8,00:55:00,2.8054,0,0,23.9,0,0,05:03:17,0
1822,8,00:55:10,2.8055,0,0,23.9,0,0,05:03:27,0
1823,8,00:55:20,2.8056,0,0,23.9,0,0,05:03:37,0
1824,8,00:55:30,2.8057,0,0,23.9,0,0,05:03:47,0
1825,8,00:55:40,2.8058,0,0,23.9,0,0,05:03:57,0
1826,8,00:55:50,2.8059,0,0,23.9,0,0,05:04:07,0
1827,8,00:56:00,2.806,0,0,23.9,0,0,05:04:17,0
1828,8,00:56:10,2.8061,0,0,23.9,0,0,05:04:27,0
1829,8,00:56:20,2.8062,0,0,23.9,0,0,05:04:37,0
1830,8,00:56:30,2.8063,0,0,23.9,0,0,05:04:47,0
1831,8,00:56:40,2.8064,0,0,23.9,0,0,05:04:57,0
1832,8,00:56:50,2.8066,0,0,23.9,0,0,05:05:07,0
1833,8,00:57:00,2.8067,0,0,23.9,0,0,05:05:17,0
1834,8,00:57:10,2.8068,0,0,23.9,0,0,05:05:27,0
1835,8,00:57:20,2.8069,0,0,23.9,0,0,05:05:37,0
1836,8,00:57:30,2.807,0,0,23.9,0,0,05:05:47,0
1837,8,00:57:40,2.8071,0,0,23.9,0,0,05:05:57,0
1838,8,00:57:50,2.8072,0,0,23.9,0,0,05:06:07,0
1839,8,00:58:00,2.8073,0,0,23.9,0,0,05:06:17,0
1840,8,00:58:10,2.8074,0,0,23.9,0,0,05:06:27,0
1841,8,00:58:20,2.8075,0,0,23.9,0,0,05:06:37,0
1842,8,00:58:30,2.8076,0,0,23.9,0,0,05:06:47,0
1843,8,00:58:40,2.8077,0,0,23.9,0,0,05:06:57,0
1844,8,00:58:50,2.8078,0,0,23.9,0,0,05:07:07,0
1845,8,00:59:00,2.8079,0,0,23.8,0,0,05:07:17,0
1846,8,00:59:10,2.808,0,0,23.9,0,0,05:07:27,0
1847,8,00:59:20,2.8082,0,0,23.9,0,0,05:07:37,0
1848,8,00:59:30,2.8083,0,0,23.9,0,0,05:07:47,0
1849,8,00:59:40,2.8084,0,0,23.9,0,0,05:07:57,0
1850,8,00:59:50,2.8085,0,0,23.8,0,0,05:08:07,0
1851,8,01:00:00,2.8086,0,0,23.8,0,0,05:08:17,Time
1852,9,00:00:10,2.9153,7.493,21.8,23.8,20.77,0.0601584,05:08:27,0
1853,9,00:00:20,2.9398,7.493,22,23.8,40.76,0.1186749,05:08:37,0
1854,9,00:00:30,2.9603,7.493,22.2,23.8,62.41,0.1825561,05:08:47,0
1855,9,00:00:40,2.9786,7.493,22.3,23.8,82.4,0.2419116,05:08:57,0
1856,9,00:00:50,2.9952,7.493,22.4,23.8,103.64,0.3053585,05:09:07,0
1857,9,00:01:00,3.0106,7.493,22.6,23.8,123.62,0.3653983,05:09:17,0
1858,9,00:01:10,3.025,7.493,22.7,23.8,145.27,0.430744,05:09:27,0
1859,9,00:01:20,3.0385,7.493,22.8,23.8,165.67,0.4926069,05:09:37,0
1860,9,00:01:30,3.053,7.493,22.9,23.8,186.91,0.5572924,05:09:47,0
1861,9,00:01:40,3.0633,7.493,23,23.8,206.89,0.6184304,05:09:57,0
1862,9,00:01:50,3.0765,7.493,23.1,23.8,228.13,0.6836217,05:10:07,0
1863,9,00:02:00,3.0875,7.492,23.1,23.8,248.53,0.7464995,05:10:17,0
1864,9,00:02:10,3.098,7.493,23.2,23.8,270.17,0.8134568,05:10:27,0
1865,9,00:02:20,3.108,7.493,23.3,23.8,290.16,0.8754859,05:10:37,0
1866,9,00:02:30,3.1177,7.493,23.4,23.8,311.81,0.9428931,05:10:47,0
1867,9,00:02:40,3.127,7.493,23.4,23.8,331.38,1.0040059,05:10:57,0
1868,9,00:02:50,3.1373,7.492,23.5,23.8,353.03,1.0718162,05:11:07,0
1869,9,00:03:00,3.1447,7.493,23.6,23.8,373.01,1.1346015,05:11:17,0
1870,9,00:03:10,3.1542,7.492,23.6,23.8,394.66,1.2027894,05:11:27,0
1871,9,00:03:20,3.1623,7.492,23.7,23.8,415.9,1.2698709,05:11:37,0
1872,9,00:03:30,3.1701,7.492,23.8,23.8,435.88,1.3331631,05:11:47,0
1873,9,00:03:40,3.1775,7.492,23.8,23.8,457.11,1.4005425,05:11:57,0
1874,9,00:03:50,3.1848,7.492,23.9,23.8,477.1,1.4641262,05:12:07,0
1875,9,00:04:00,3.1929,7.492,23.9,23.8,498.74,1.5331577,05:12:17,0
1876,9,00:04:10,3.1997,7.492,24,23.8,519.97,1.6010005,05:12:27,0
1877,9,00:04:20,3.2064,7.492,24,23.7,539.96,1.6650236,05:12:37,0
1878,9,00:04:30,3.2129,7.492,24.1,23.7,561.18,1.7331573,05:12:47,0
1879,9,00:04:40,3.219,7.492,24.1,23.7,581.17,1.7974259,05:12:57,0
1880,9,00:04:50,3.2251,7.492,24.2,23.7,603.23,1.868523,05:13:07,0
1881,9,00:05:00,3.2311,7.492,24.2,23.7,622.81,1.9317169,05:13:17,0
1882,9,00:05:10,3.2376,7.492,24.3,23.7,644.46,2.0017657,05:13:27,0
1883,9,00:05:20,3.2431,7.492,24.3,23.7,665.7,2.0705678,05:13:37,0
1884,9,00:05:30,3.2485,7.492,24.3,23.7,685.68,2.1354313,05:13:47,0
1885,9,00:05:40,3.2537,7.492,24.4,23.7,706.91,2.2044613,05:13:57,0
1886,9,00:05:50,3.2588,7.492,24.4,23.7,726.9,2.2695558,05:14:07,0
1887,9,00:06:00,3.2637,7.492,24.5,23.7,748.55,2.3401721,05:14:17,0
1888,9,00:06:10,3.2685,7.492,24.5,23.7,768.54,2.4054523,05:14:27,0
1889,9,00:06:20,3.2732,7.492,24.5,23.7,789.8,2.4750147,05:14:37,0
1890,9,00:06:30,3.2782,7.492,24.6,23.7,811.45,2.5459268,05:14:47,0
1891,9,00:06:40,3.2825,7.492,24.6,23.7,831.85,2.6128435,05:14:57,0
1892,9,00:06:50,3.2865,7.492,24.6,23.7,852.24,2.679832,05:15:07,0
1893,9,00:07:00,3.2903,7.492,24.7,23.7,873.9,2.7510552,05:15:17,0
1894,9,00:07:10,3.2938,7.492,24.7,23.7,894.3,2.8182197,05:15:27,0
1895,9,00:07:20,3.2973,7.492,24.7,23.7,915.53,2.888185,05:15:37,0
1896,9,00:07:30,3.2996,7.492,24.7,23.7,935.1,2.9527478,05:15:47,0
1897,9,00:07:40,3.3021,7.492,24.7,23.7,957.17,3.0255907,05:15:57,0
1898,9,00:07:50,3.3038,7.492,24.8,23.7,977.15,3.0915964,05:16:07,0
1899,9,00:08:00,3.305,7.492,24.8,23.7,998.39,3.1617613,05:16:17,0
1900,9,00:08:10,3.3059,7.492,24.8,23.7,1018.37,3.2278166,05:16:27,0
1901,9,00:08:20,3.3067,7.492,24.8,23.8,1040.02,3.2993956,05:16:37,0
1902,9,00:08:30,3.3072,7.492,24.8,23.8,1061.25,3.3695991,05:16:47,0
1903,9,00:08:40,3.3076,7.492,24.8,23.8,1081.23,3.4356804,05:16:57,0
1904,9,00:08:50,3.3079,7.492,24.8,23.8,1102.88,3.507278,05:17:07,0
1905,9,00:09:00,3.3081,7.492,24.8,23.8,1122.44,3.572011,05:17:17,0
1906,9,00:09:10,3.3083,7.492,24.8,23.8,1144.09,3.643631,05:17:27,0
1907,9,00:09:20,3.3085,7.492,24.8,23.8,1165.33,3.713876,05:17:37,0
1908,9,00:09:30,3.3086,7.492,24.8,23.8,1185.31,3.7799797,05:17:47,0
1909,9,00:09:40,3.3088,7.492,24.8,23.9,1206.96,3.8516121,05:17:57,0
1910,9,00:09:50,3.3089,7.492,24.8,23.9,1226.95,3.9177668,05:18:07,0
1911,9,00:10:00,3.309,7.492,24.8,23.9,1248.59,3.9893649,05:18:17,0
1912,9,00:10:10,3.3091,7.492,24.8,23.9,1269.43,4.0583386,05:18:27,0
1913,9,00:10:20,3.3093,7.492,24.8,23.9,1289.43,4.1245322,05:18:37,0
1914,9,00:10:30,3.3094,7.492,24.8,23.9,1310.25,4.1934166,05:18:47,0
1915,9,00:10:40,3.3096,7.492,24.8,23.9,1331.48,4.263689,05:18:57,0
1916,9,00:10:50,3.3097,7.492,24.8,23.9,1351.47,4.3298311,05:19:07,0
1917,9,00:11:00,3.3099,7.492,24.8,24,1373.12,4.4014902,05:19:17,0
1918,9,00:11:10,3.3101,7.492,24.8,24,1393.52,4.4690137,05:19:27,0
1919,9,00:11:20,3.3103,7.492,24.8,24,1414.75,4.5392914,05:19:37,0
1920,9,00:11:30,3.3106,7.492,24.8,24,1435.15,4.606823,05:19:47,0
1921,9,00:11:40,3.3108,7.492,24.8,24,1456.39,4.6771445,05:19:57,0
1922,9,00:11:50,3.311,7.492,24.8,24,1476.79,4.744689,05:20:07,0
1923,9,00:12:00,3.3112,7.492,24.8,24.1,1498.03,4.8150053,05:20:17,0
1924,9,00:12:10,3.3115,7.492,24.8,24.1,1518.01,4.8811946,05:20:27,0
1925,9,00:12:20,3.3118,7.492,24.8,24.1,1539.66,4.9528708,05:20:37,0
1926,9,00:12:30,3.3121,7.492,24.8,24.1,1559.22,5.0176744,05:20:47,0
1927,9,00:12:40,3.3124,7.492,24.8,24.1,1580.87,5.0893874,05:20:57,0
1928,9,00:12:50,3.3127,7.492,24.8,24.1,1601.27,5.1569567,05:21:07,0
1929,9,00:13:00,3.313,7.492,24.8,24.1,1622.51,5.2273021,05:21:17,0
1930,9,00:13:10,3.3133,7.492,24.8,24.2,1642.9,5.294879,05:21:27,0
1931,9,00:13:20,3.3136,7.492,24.8,24.2,1664.55,5.3666139,05:21:37,0
1932,9,00:13:30,3.314,7.492,24.8,24.2,1684.54,5.4328394,05:21:47,0
1933,9,00:13:40,3.3144,7.492,24.8,24.2,1706.18,5.5045877,05:21:57,0
1934,9,00:13:50,3.3147,7.492,24.8,24.2,1726.18,5.570868,05:22:07,0
1935,9,00:14:00,3.3152,7.492,24.8,24.2,1746.99,5.6398554,05:22:17,0
1936,9,00:14:10,3.3156,7.492,24.8,24.2,1767.39,5.7074838,05:22:27,0
1937,9,00:14:20,3.316,7.492,24.8,24.2,1789.04,5.7792592,05:22:37,0
1938,9,00:14:30,3.3164,7.492,24.8,24.2,1809.44,5.8469224,05:22:47,0
1939,9,00:14:40,3.3168,7.492,24.8,24.3,1831.09,5.9187274,05:22:57,0
1940,9,00:14:50,3.3173,7.492,24.9,24.3,1851.49,5.9863987,05:23:07,0
1941,9,00:15:00,3.3176,7.492,24.9,24.3,1871.48,6.0526919,05:23:17,0
1942,9,00:15:10,3.3181,7.492,24.9,24.3,1893.13,6.1245332,05:23:27,0
1943,9,00:15:20,3.3186,7.492,24.9,24.3,1914.36,6.1949964,05:23:37,0
1944,9,00:15:30,3.319,7.492,24.9,24.3,1934.35,6.2613149,05:23:47,0
1945,9,00:15:40,3.3195,7.492,24.9,24.3,1955.99,6.3331714,05:23:57,0
1946,9,00:15:50,3.32,7.492,24.9,24.4,1975.98,6.3995056,05:24:07,0
1947,9,00:16:00,3.3206,7.492,24.9,24.4,1997.62,6.4713817,05:24:17,0
1948,9,00:16:10,3.321,7.492,24.9,24.4,2017.6,6.5377297,05:24:27,0
1949,9,00:16:20,3.3216,7.492,24.9,24.4,2038.83,6.608243,05:24:37,0
1950,9,00:16:30,3.3222,7.492,24.9,24.4,2058.81,6.6746235,05:24:47,0
1951,9,00:16:40,3.3228,7.492,24.9,24.4,2080.46,6.7465596,05:24:57,0
1952,9,00:16:50,3.3233,7.492,24.9,24.4,2100.45,6.8129711,05:25:07,0
1953,9,00:17:00,3.324,7.492,24.9,24.4,2121.69,6.8835635,05:25:17,0
1954,9,00:17:10,3.3247,7.492,24.9,24.4,2143.34,6.9555368,05:25:27,0
1955,9,00:17:20,3.3254,7.492,24.9,24.5,2163.74,7.0233603,05:25:37,0
1956,9,00:17:30,3.326,7.492,24.9,24.5,2184.97,7.0939827,05:25:47,0
1957,9,00:17:40,3.3267,7.492,24.9,24.5,2204.95,7.1604323,05:25:57,0
1958,9,00:17:50,3.3274,7.492,24.9,24.5,2226.6,7.232461,05:26:07,0
1959,9,00:18:00,3.3281,7.492,24.9,24.5,2247,7.3003426,05:26:17,0
1960,9,00:18:10,3.3289,7.492,24.9,24.5,2268.23,7.3710113,05:26:27,0
1961,9,00:18:20,3.3295,7.492,24.9,24.5,2288.63,7.4389305,05:26:37,0
1962,9,00:18:30,3.3304,7.492,25,24.5,2309.86,7.5096421,05:26:47,0
1963,9,00:18:40,3.3311,7.492,25,24.5,2329.85,7.5762115,05:26:57,0
1964,9,00:18:50,3.3319,7.492,25,24.5,2351.5,7.6483283,05:27:07,0
1965,9,00:19:00,3.3328,7.492,25,24.6,2371.48,7.7149282,05:27:17,0
1966,9,00:19:10,3.3336,7.492,25,24.6,2393.16,7.787169,05:27:27,0
1967,9,00:19:20,3.3344,7.492,25,24.6,2412.72,7.8523946,05:27:37,0
1968,9,00:19:30,3.3354,7.492,25,24.6,2434.78,7.9259672,05:27:47,0
1969,9,00:19:40,3.3362,7.492,25,24.6,2454.76,7.9926295,05:27:57,0
1970,9,00:19:50,3.337,7.492,25,24.6,2476.41,8.064867,05:28:07,0
1971,9,00:20:00,3.3379,7.492,25,24.6,2496.4,8.1315565,05:28:17,0
1972,9,00:20:10,3.3387,7.492,25,24.6,2518.05,8.2038326,05:28:27,0
1973,9,00:20:20,3.3395,7.492,25,24.6,2538.03,8.2705774,05:28:37,0
1974,9,00:20:30,3.3404,7.492,25,24.6,2559.27,8.3415127,05:28:47,0
1975,9,00:20:40,3.3415,7.492,25,24.6,2580.51,8.4124622,05:28:57,0
1976,9,00:20:50,3.3423,7.492,25,24.6,2600.49,8.4792461,05:29:07,0
1977,9,00:21:00,3.3432,7.492,25,24.7,2621.32,8.5488815,05:29:17,0
1978,9,00:21:10,3.3441,7.492,25.1,24.7,2642.56,8.6198854,05:29:27,0
1979,9,00:21:20,3.3449,7.492,25.1,24.7,2662.55,8.6867256,05:29:37,0
1980,9,00:21:30,3.3458,7.492,25.1,24.7,2684.19,8.7591476,05:29:47,0
1981,9,00:21:40,3.3466,7.492,25.1,24.7,2704.18,8.8260193,05:29:57,0
1982,9,00:21:50,3.3476,7.492,25.1,24.7,2726.25,8.8999033,05:30:07,0
1983,9,00:22:00,3.3485,7.492,25.1,24.7,2746.23,8.9668093,05:30:17,0
1984,9,00:22:10,3.3495,7.492,25.1,24.7,2767.46,9.0378962,05:30:27,0
1985,9,00:22:20,3.3504,7.492,25.1,24.7,2787.44,9.104825,05:30:37,0
1986,9,00:22:30,3.3512,7.492,25.1,24.7,2809.09,9.1773701,05:30:47,0
1987,9,00:22:40,3.3521,7.492,25.1,24.7,2829.07,9.2443495,05:30:57,0
1988,9,00:22:50,3.353,7.492,25.1,24.8,2850.72,9.3169184,05:31:07,0
1989,9,00:23:00,3.354,7.492,25.1,24.8,2871.96,9.3881521,05:31:17,0
1990,9,00:23:10,3.3549,7.492,25.1,24.8,2892.36,9.4565868,05:31:27,0
1991,9,00:23:20,3.3557,7.492,25.1,24.8,2912.34,9.523634,05:31:37,0
1992,9,00:23:30,3.3565,7.492,25.1,24.8,2933.99,9.596282,05:31:47,0
1993,9,00:23:40,3.3574,7.492,25.2,24.8,2954.4,9.6647835,05:31:57,0
1994,9,00:23:50,3.3583,7.492,25.2,24.8,2975.22,9.7346897,05:32:07,0
1995,9,00:24:00,3.3591,7.492,25.2,24.8,2996.45,9.8060074,05:32:17,0
1996,9,00:24:10,3.3599,7.492,25.2,24.8,3016.43,9.8731461,05:32:27,0
1997,9,00:24:20,3.3608,7.492,25.2,24.8,3038.08,9.9458952,05:32:37,0
1998,9,00:24:30,3.3614,7.492,25.2,24.8,3057.65,10.0116606,05:32:47,0
1999,9,00:24:40,3.3623,7.492,25.2,24.8,3079.31,10.0844631,05:32:57,0
2000,9,00:24:50,3.3631,7.492,25.2,24.8,3100.55,10.1558867,05:33:07,0
2001,9,00:25:00,3.3639,7.492,25.2,24.9,3120.53,10.2231178,05:33:17,0
2002,9,00:25:10,3.3646,7.492,25.2,24.9,3141.77,10.2945604,05:33:27,0
2003,9,00:25:20,3.3654,7.492,25.2,24.9,3161.75,10.3617926,05:33:37,0
2004,9,00:25:30,3.3663,7.492,25.2,24.9,3183.39,10.4346428,05:33:47,0
2005,9,00:25:40,3.3671,7.492,25.2,24.9,3203.79,10.503315,05:33:57,0
2006,9,00:25:50,3.3679,7.492,25.2,24.9,3225.44,10.5762205,05:34:07,0
2007,9,00:26:00,3.3686,7.492,25.2,24.9,3245.43,10.6435347,05:34:17,0
2008,9,00:26:10,3.3694,7.492,25.2,24.9,3267.07,10.7164612,05:34:27,0
2009,9,00:26:20,3.3702,7.492,25.2,24.9,3287.47,10.7851887,05:34:37,0
2010,9,00:26:30,3.371,7.492,25.3,24.9,3307.46,10.8525639,05:34:47,0
2011,9,00:26:40,3.3717,7.492,25.3,24.9,3329.1,10.9255466,05:34:57,0
2012,9,00:26:50,3.3725,7.492,25.3,24.9,3349.09,10.9929266,05:35:07,0
2013,9,00:27:00,3.3734,7.492,25.3,24.9,3370.32,11.0645599,05:35:17,0
2014,9,00:27:10,3.3742,7.492,25.3,24.9,3390.72,11.1333838,05:35:27,0
2015,9,00:27:20,3.3751,7.492,25.3,25,3412.37,11.2064505,05:35:37,0
2016,9,00:27:30,3.3759,7.492,25.3,25,3432.77,11.2753153,05:35:47,0
2017,9,00:27:40,3.3767,7.492,25.3,25,3454.42,11.3484125,05:35:57,0
2018,9,00:27:50,3.3774,7.492,25.3,25,3474.41,11.4158945,05:36:07,0
2019,9,00:28:00,3.3783,7.492,25.3,25,3496.06,11.4890232,05:36:17,0
2020,9,00:28:10,3.379,7.492,25.3,25,3516.04,11.5565538,05:36:27,0
2021,9,00:28:20,3.3798,7.492,25.3,25,3537.69,11.6297092,05:36:37,0
2022,9,00:28:30,3.3805,7.492,25.3,25,3557.68,11.6972666,05:36:47,0
2023,9,00:28:40,3.3811,7.492,25.3,25,3578.91,11.7690525,05:36:57,0
2024,9,00:28:50,3.3818,7.492,25.3,25,3598.9,11.8366518,05:37:07,0
2025,9,00:29:00,3.3824,7.492,25.3,25,3620.55,11.9098768,05:37:17,0
2026,9,00:29:10,3.3831,7.492,25.3,25,3640.94,11.9788666,05:37:27,0
2027,9,00:29:20,3.3838,7.492,25.4,25,3662.59,12.0521078,05:37:37,0
2028,9,00:29:30,3.3844,7.492,25.4,25,3682.99,12.1211452,05:37:47,0
2029,9,00:29:40,3.3849,7.492,25.4,25.1,3704.22,12.1930094,05:37:57,0
2030,9,00:29:50,3.3854,7.492,25.4,25.1,3724.21,12.2606459,05:38:07,0
2031,9,00:30:00,3.3858,7.492,25.4,25.1,3745.43,12.33251,05:38:17,0
2032,9,00:30:10,3.3863,7.492,25.4,25.1,3766.67,12.404417,05:38:27,0
2033,9,00:30:20,3.3867,7.492,25.4,25.1,3786.66,12.472105,05:38:37,0
2034,9,00:30:30,3.3871,7.492,25.4,25.1,3808.3,12.5454283,05:38:47,0
2035,9,00:30:40,3.3875,7.492,25.4,25.1,3828.29,12.6131334,05:38:57,0
2036,9,00:30:50,3.3879,7.492,25.4,25.1,3849.53,12.6850834,05:39:07,0
2037,9,00:31:00,3.3882,7.492,25.4,25.1,3869.52,12.7528028,05:39:17,0
2038,9,00:31:10,3.3885,7.492,25.4,25.1,3891.17,12.82617,05:39:27,0
2039,9,00:31:20,3.3888,7.492,25.4,25.1,3912.4,12.8981161,05:39:37,0
2040,9,00:31:30,3.3891,7.492,25.4,25.1,3932.39,12.965848,05:39:47,0
2041,9,00:31:40,3.3893,7.492,25.4,25.1,3953.62,13.0377903,05:39:57,0
2042,9,00:31:50,3.3896,7.492,25.4,25.1,3974.85,13.1097794,05:40:07,0
2043,9,00:32:00,3.3898,7.492,25.4,25.1,3994.84,13.1775246,05:40:17,0
2044,9,00:32:10,3.3901,7.492,25.4,25.1,4016.49,13.2509146,05:40:27,0
2045,9,00:32:20,3.3903,7.492,25.4,25.1,4036.06,13.3172665,05:40:37,0
2046,9,00:32:30,3.3904,7.492,25.4,25.1,4057.71,13.3906622,05:40:47,0
2047,9,00:32:40,3.3907,7.492,25.4,25.1,4078.94,13.462656,05:40:57,0
2048,9,00:32:50,3.3908,7.492,25.4,25.1,4099.36,13.5318804,05:41:07,0
2049,9,00:33:00,3.391,7.492,25.4,25.1,4120.58,13.6038589,05:41:17,0
2050,9,00:33:10,3.3912,7.492,25.4,25.1,4141.4,13.6744585,05:41:27,0
2051,9,00:33:20,3.3913,7.492,25.4,25.2,4161.39,13.7422276,05:41:37,0
2052,9,00:33:30,3.3914,7.492,25.4,25.2,4183.04,13.8156576,05:41:47,0
2053,9,00:33:40,3.3916,7.492,25.4,25.2,4203.02,13.8834267,05:41:57,0
2054,9,00:33:50,3.3918,7.492,25.4,25.2,4224.69,13.9569092,05:42:07,0
2055,9,00:34:00,3.3919,7.492,25.4,25.2,4244.67,14.0246954,05:42:17,0
2056,9,00:34:10,3.392,7.492,25.4,25.2,4266.32,14.098114,05:42:27,0
2057,9,00:34:20,3.3921,7.492,25.4,25.2,4286.3,14.1658907,05:42:37,0
2058,9,00:34:30,3.3922,7.492,25.4,25.2,4307.54,14.2379351,05:42:47,0
2059,9,00:34:40,3.3923,7.492,25.4,25.2,4327.94,14.3071432,05:42:57,0
2060,9,00:34:50,3.3924,7.492,25.4,25.2,4349.18,14.3791819,05:43:07,0
2061,9,00:35:00,3.3925,7.492,25.4,25.2,4369.16,14.4469786,05:43:17,0
2062,9,00:35:10,3.3926,7.492,25.4,25.2,4390.81,14.5204191,05:43:27,0
2063,9,00:35:20,3.3927,7.492,25.4,25.3,4410.79,14.5882072,05:43:37,0
2064,9,00:35:30,3.3928,7.492,25.4,25.3,4432.43,14.6616421,05:43:47,0
2065,9,00:35:40,3.3929,7.492,25.4,25.3,4452.42,14.729434,05:43:57,0
2066,9,00:35:50,3.393,7.492,25.4,25.3,4473.23,14.8000555,05:44:07,0
2067,9,00:36:00,3.393,7.492,25.4,25.3,4494.88,14.8735275,05:44:17,0
2068,9,00:36:10,3.3931,7.492,25.4,25.3,4514.89,14.9414139,05:44:27,0
2069,9,00:36:20,3.3932,7.492,25.4,25.3,4536.54,15.0148611,05:44:37,0
2070,9,00:36:30,3.3932,7.492,25.4,25.3,4556.52,15.0826635,05:44:47,0
2071,9,00:36:40,3.3933,7.492,25.4,25.3,4577.75,15.1546946,05:44:57,0
2072,9,00:36:50,3.3934,7.492,25.4,25.3,4598.99,15.2267876,05:45:07,0
2073,9,00:37:00,3.3934,7.492,25.4,25.3,4618.98,15.294611,05:45:17,0
2074,9,00:37:10,3.3935,7.492,25.4,25.3,4640.63,15.3680801,05:45:27,0
2075,9,00:37:20,3.3936,7.492,25.4,25.3,4660.61,15.4358788,05:45:37,0
2076,9,00:37:30,3.3936,7.492,25.4,25.3,4682.27,15.5093746,05:45:47,0
2077,9,00:37:40,3.3937,7.492,25.4,25.3,4702.25,15.577198,05:45:57,0
2078,9,00:37:50,3.3938,7.492,25.4,25.4,4723.9,15.6506643,05:46:07,0
2079,9,00:38:00,3.3938,7.492,25.4,25.4,4744.3,15.7198925,05:46:17,0
2080,9,00:38:10,3.3939,7.492,25.4,25.4,4764.28,15.7876997,05:46:27,0
2081,9,00:38:20,3.3939,7.492,25.4,25.4,4785.5,15.8597355,05:46:37,0
2082,9,00:38:30,3.394,7.492,25.4,25.4,4807.15,15.9331903,05:46:47,0
2083,9,00:38:40,3.394,7.492,25.4,25.4,4827.55,16.00243,05:46:57,0
2084,9,00:38:50,3.3941,7.492,25.4,25.4,4848.78,16.0744877,05:47:07,0
2085,9,00:39:00,3.3941,7.492,25.4,25.4,4868.76,16.1423149,05:47:17,0
2086,9,00:39:10,3.3942,7.492,25.4,25.4,4889.99,16.2143745,05:47:27,0
2087,9,00:39:20,3.3943,7.492,25.4,25.5,4909.98,16.2822113,05:47:37,0
2088,9,00:39:30,3.3943,7.492,25.4,25.5,4931.63,16.3557148,05:47:47,0
2089,9,00:39:40,3.3944,7.492,25.4,25.5,4952.87,16.4277878,05:47:57,0
2090,9,00:39:50,3.3944,7.492,25.4,25.5,4972.85,16.4956264,05:48:07,0
2091,9,00:40:00,3.3945,7.492,25.4,25.5,4994.5,16.5690994,05:48:17,0
2092,9,00:40:10,3.3945,7.492,25.4,25.5,5014.9,16.6383343,05:48:27,0
2093,9,00:40:20,3.3946,7.492,25.4,25.5,5036.13,16.710413,05:48:37,0
2094,9,00:40:30,3.3946,7.492,25.4,25.5,5056.11,16.7782497,05:48:47,0
2095,9,00:40:40,3.3947,7.492,25.4,25.5,5077.35,16.8503494,05:48:57,0
2096,9,00:40:50,3.3948,7.492,25.4,25.5,5097.33,16.9181824,05:49:07,0
2097,9,00:41:00,3.3948,7.492,25.4,25.6,5118.98,16.9916706,05:49:17,0
2098,9,00:41:10,3.3948,7.492,25.4,25.6,5139.39,17.0609322,05:49:27,0
2099,9,00:41:20,3.3949,7.492,25.4,25.6,5160.62,17.133028,05:49:37,0
2100,9,00:41:30,3.395,7.492,25.4,25.6,5181.86,17.2051182,05:49:47,0
2101,9,00:41:40,3.395,7.492,25.4,25.6,5201.85,17.2729702,05:49:57,0
2102,9,00:41:50,3.3951,7.492,25.4,25.6,5223.5,17.3464832,05:50:07,0
2103,9,00:42:00,3.3952,7.492,25.4,25.6,5243.9,17.415741,05:50:17,0
2104,9,00:42:10,3.3952,7.492,25.4,25.6,5263.88,17.4835796,05:50:27,0
2105,9,00:42:20,3.3953,7.492,25.4,25.6,5285.53,17.5570698,05:50:37,0
2106,9,00:42:30,3.3953,7.492,25.4,25.7,5306.76,17.6291828,05:50:47,0
2107,9,00:42:40,3.3954,7.492,25.4,25.7,5326.75,17.697031,05:50:57,0
2108,9,00:42:50,3.3955,7.492,25.4,25.7,5348.39,17.7705173,05:51:07,0
2109,9,00:43:00,3.3955,7.492,25.4,25.7,5368.38,17.8383865,05:51:17,0
2110,9,00:43:10,3.3956,7.492,25.4,25.7,5390.03,17.9118977,05:51:27,0
2111,9,00:43:20,3.3956,7.492,25.4,25.7,5410.42,17.9811535,05:51:37,0
2112,9,00:43:30,3.3957,7.492,25.4,25.7,5431.65,18.0532398,05:51:47,0
2113,9,00:43:40,3.3958,7.492,25.4,25.7,5451.63,18.1210842,05:51:57,0
2114,9,00:43:50,3.3959,7.492,25.4,25.7,5473.28,18.194582,05:52:07,0
2115,9,00:44:00,3.3959,7.492,25.4,25.8,5493.26,18.2624454,05:52:17,0
2116,9,00:44:10,3.396,7.492,25.4,25.8,5513.66,18.331707,05:52:27,0
2117,9,00:44:20,3.3961,7.492,25.4,25.8,5535.3,18.4052181,05:52:37,0
2118,9,00:44:30,3.3962,7.492,25.4,25.8,5555.71,18.4745102,05:52:47,0
2119,9,00:44:40,3.3962,7.492,25.4,25.8,5576.95,18.546648,05:52:57,0
2120,9,00:44:50,3.3963,7.492,25.4,25.8,5597.35,18.6159363,05:53:07,0
2121,9,00:45:00,3.3964,7.492,25.4,25.8,5618.58,18.6880569,05:53:17,0
2122,9,00:45:10,3.3964,7.492,25.4,25.8,5638.98,18.7573471,05:53:27,0
2123,9,00:45:20,3.3965,7.492,25.4,25.8,5660.63,18.8308716,05:53:37,0
2124,9,00:45:30,3.3966,7.492,25.4,25.9,5680.61,18.8987408,05:53:47,0
2125,9,00:45:40,3.3967,7.492,25.4,25.9,5701.01,18.9680252,05:53:57,0
2126,9,00:45:50,3.3968,7.492,25.4,25.9,5722.66,19.0415764,05:54:07,0
2127,9,00:46:00,3.3968,7.492,25.4,25.9,5742.65,19.1094532,05:54:17,0
2128,9,00:46:10,3.397,7.492,25.5,25.9,5764.3,19.1829987,05:54:27,0
2129,9,00:46:20,3.397,7.492,25.5,25.9,5784.73,19.2523899,05:54:37,0
2130,9,00:46:30,3.3971,7.492,25.5,25.9,5805.98,19.3245983,05:54:47,0
2131,9,00:46:40,3.3972,7.492,25.5,25.9,5826.37,19.393858,05:54:57,0
2132,9,00:46:50,3.3973,7.492,25.5,26,5847.6,19.4659901,05:55:07,0
2133,9,00:47:00,3.3974,7.492,25.5,26,5868.42,19.5366974,05:55:17,0
2134,9,00:47:10,3.3975,7.492,25.5,26,5888.4,19.6045952,05:55:27,0
2135,9,00:47:20,3.3976,7.492,25.5,26,5909.63,19.6767197,05:55:37,0
2136,9,00:47:30,3.3977,7.492,25.5,26,5929.62,19.744648,05:55:47,0
2137,9,00:47:40,3.3978,7.492,25.5,26,5951.69,19.8196278,05:55:57,0
2138,9,00:47:50,3.3979,7.492,25.5,26,5971.67,19.8875275,05:56:07,0
2139,9,00:48:00,3.398,7.492,25.5,26,5993.33,19.9611073,05:56:17,0
2140,9,00:48:10,3.3981,7.492,25.5,26,6013.31,20.0289993,05:56:27,0
2141,9,00:48:20,3.3982,7.492,25.5,26,6034.96,20.1025867,05:56:37,0
2142,9,00:48:30,3.3983,7.492,25.5,26.1,6054.95,20.1705055,05:56:47,0
2143,9,00:48:40,3.3984,7.492,25.5,26.1,6076.18,20.2426605,05:56:57,0
2144,9,00:48:50,3.3985,7.492,25.5,26.1,6096.58,20.3119774,05:57:07,0
2145,9,00:49:00,3.3986,7.492,25.5,26.1,6117.81,20.3841286,05:57:17,0
2146,9,00:49:10,3.3988,7.492,25.5,26.1,6138.21,20.4534836,05:57:27,0
2147,9,00:49:20,3.3989,7.492,25.5,26.1,6159.45,20.5256577,05:57:37,0
2148,9,00:49:30,3.399,7.492,25.5,26.1,6179.85,20.5950127,05:57:47,0
2149,9,00:49:40,3.3991,7.492,25.5,26.1,6201.09,20.6671886,05:57:57,0
2150,9,00:49:50,3.3992,7.492,25.5,26.1,6222.32,20.7393513,05:58:07,0
2151,9,00:50:00,3.3994,7.492,25.5,26.1,6242.71,20.8086891,05:58:17,0
2152,9,00:50:10,3.3995,7.492,25.5,26.2,6262.7,20.8766212,05:58:27,0
2153,9,00:50:20,3.3996,7.492,25.5,26.2,6284.35,20.9502239,05:58:37,0
2154,9,00:50:30,3.3997,7.492,25.5,26.2,6305.58,21.0224209,05:58:47,0
2155,9,00:50:40,3.3998,7.492,25.5,26.2,6325.56,21.0903473,05:58:57,0
2156,9,00:50:50,3.4,7.492,25.5,26.2,6347.21,21.1639366,05:59:07,0
2157,9,00:51:00,3.4001,7.492,25.5,26.2,6367.19,21.2318859,05:59:17,0
2158,9,00:51:10,3.4004,7.492,25.5,26.2,6388.85,21.305521,05:59:27,0
2159,9,00:51:20,3.4005,7.492,25.5,26.2,6409.25,21.3748875,05:59:37,0
2160,9,00:51:30,3.4006,7.492,25.5,26.2,6430.48,21.4470844,05:59:47,0
2161,9,00:51:40,3.4007,7.492,25.5,26.2,6450.46,21.5150261,05:59:57,0
2162,9,00:51:50,3.4009,7.492,25.5,26.2,6472.11,21.5886497,06:00:07,0
2163,9,00:52:00,3.401,7.492,25.5,26.2,6492.09,21.6565971,06:00:17,0
2164,9,00:52:10,3.4012,7.492,25.5,26.3,6513.74,21.7302246,06:00:27,0
2165,9,00:52:20,3.4013,7.492,25.5,26.3,6534.13,21.7995949,06:00:37,0
2166,9,00:52:30,3.4015,7.492,25.5,26.3,6555.36,21.8718109,06:00:47,0
2167,9,00:52:40,3.4016,7.492,25.5,26.3,6575.34,21.9397755,06:00:57,0
2168,9,00:52:50,3.4017,7.492,25.5,26.3,6596.99,22.0134277,06:01:07,0
2169,9,00:53:00,3.4019,7.492,25.5,26.3,6616.98,22.0814056,06:01:17,0
2170,9,00:53:10,3.4021,7.492,25.5,26.3,6638.63,22.1550674,06:01:27,0
2171,9,00:53:20,3.4022,7.492,25.5,26.3,6658.61,22.2230434,06:01:37,0
2172,9,00:53:30,3.4024,7.492,25.5,26.3,6679.85,22.2953033,06:01:47,0
2173,9,00:53:40,3.4025,7.492,25.5,26.3,6701.08,22.3675594,06:01:57,0
2174,9,00:53:50,3.4027,7.492,25.5,26.4,6721.48,22.4369621,06:02:07,0
2175,9,00:54:00,3.4028,7.492,25.5,26.4,6741.89,22.5063896,06:02:17,0
2176,9,00:54:10,3.403,7.492,25.5,26.3,6763.12,22.5786476,06:02:27,0
2177,9,00:54:20,3.4032,7.492,25.5,26.4,6784.35,22.6509056,06:02:37,0
2178,9,00:54:30,3.4033,7.492,25.5,26.4,6804.75,22.7203217,06:02:47,0
2179,9,00:54:40,3.4034,7.492,25.5,26.4,6825.98,22.7925873,06:02:57,0
2180,9,00:54:50,3.4036,7.492,25.5,26.4,6845.97,22.8606129,06:03:07,0
2181,9,00:55:00,3.4038,7.492,25.5,26.4,6867.62,22.9343071,06:03:17,0
2182,9,00:55:10,3.4039,7.492,25.5,26.4,6887.6,23.0023079,06:03:27,0
2183,9,00:55:20,3.4041,7.492,25.5,26.4,6908.83,23.074585,06:03:37,0
2184,9,00:55:30,3.4043,7.492,25.5,26.4,6929.23,23.1440392,06:03:47,0
2185,9,00:55:40,3.4045,7.492,25.5,26.4,6950.46,23.2163067,06:03:57,0
2186,9,00:55:50,3.4046,7.492,25.5,26.4,6970.45,23.2843723,06:04:07,0
2187,9,00:56:00,3.4048,7.492,25.5,26.5,6992.52,23.3595009,06:04:17,0
2188,9,00:56:10,3.405,7.492,25.5,26.5,7012.92,23.4289684,06:04:27,0
2189,9,00:56:20,3.4052,7.492,25.5,26.5,7032.9,23.4970055,06:04:37,0
2190,9,00:56:30,3.4054,7.492,25.5,26.5,7054.56,23.5707455,06:04:47,0
2191,9,00:56:40,3.4055,7.492,25.5,26.5,7074.54,23.6388187,06:04:57,0
2192,9,00:56:50,3.4057,7.492,25.5,26.5,7096.2,23.7125587,06:05:07,0
2193,9,00:57:00,3.4059,7.492,25.5,26.5,7116.18,23.7806149,06:05:17,0
2194,9,00:57:10,3.4061,7.492,25.5,26.5,7137.83,23.8543472,06:05:27,0
2195,9,00:57:20,3.4063,7.492,25.5,26.5,7157.81,23.9224033,06:05:37,0
2196,9,00:57:30,3.4065,7.492,25.5,26.5,7179.46,23.9961605,06:05:47,0
2197,9,00:57:40,3.4067,7.492,25.5,26.5,7200.27,24.0670662,06:05:57,0
2198,9,00:57:50,3.4069,7.492,25.5,26.5,7221.51,24.1394138,06:06:07,0
2199,9,00:58:00,3.4071,7.492,25.5,26.5,7241.5,24.2075176,06:06:17,0
2200,9,00:58:10,3.4073,7.492,25.5,26.5,7262.73,24.2798462,06:06:27,0
2201,9,00:58:20,3.4075,7.492,25.5,26.5,7283.13,24.3493576,06:06:37,0
2202,9,00:58:30,3.4077,7.492,25.5,26.6,7304.37,24.4217491,06:06:47,0
2203,9,00:58:40,3.4079,7.492,25.5,26.6,7324.77,24.491272,06:06:57,0
2204,9,00:58:50,3.4081,7.492,25.5,26.6,7346.01,24.5636501,06:07:07,0
2205,9,00:59:00,3.4083,7.492,25.5,26.6,7365.99,24.6317482,06:07:17,0
2206,9,00:59:10,3.4085,7.492,25.5,26.6,7387.64,24.7055473,06:07:27,0
2207,9,00:59:20,3.4087,7.492,25.5,26.6,7407.64,24.7737217,06:07:37,0
2208,9,00:59:30,3.409,7.492,25.5,26.6,7429.29,24.8475056,06:07:47,0
2209,9,00:59:40,3.4093,7.492,25.5,26.6,7448.85,24.9142056,06:07:57,0
2210,9,00:59:50,3.4095,7.492,25.5,26.6,7470.08,24.9865913,06:08:07,0
2211,9,01:00:00,3.4097,7.492,25.5,26.6,7491.73,25.0603962,06:08:17,0
2212,9,01:00:10,3.4099,7.492,25.5,26.6,7511.72,25.1285534,06:08:27,0
2213,9,01:00:20,3.4101,7.492,25.5,26.6,7532.96,25.2009678,06:08:37,0
2214,9,01:00:30,3.4104,7.492,25.6,26.6,7552.93,25.2690983,06:08:47,0
2215,9,01:00:40,3.4106,7.492,25.6,26.6,7574.58,25.3429356,06:08:57,0
2216,9,01:00:50,3.4108,7.492,25.6,26.7,7594.57,25.4111118,06:09:07,0
2217,9,01:01:00,3.4111,7.492,25.6,26.7,7616.22,25.484951,06:09:17,0
2218,9,01:01:10,3.4113,7.492,25.6,26.7,7637.04,25.5559616,06:09:27,0
2219,9,01:01:20,3.4115,7.492,25.6,26.7,7658.29,25.6284637,06:09:37,0
2220,9,01:01:30,3.4118,7.492,25.6,26.7,7678.27,25.6966381,06:09:47,0
2221,9,01:01:40,3.4121,7.492,25.6,26.7,7699.5,25.7690697,06:09:57,0
2222,9,01:01:50,3.4123,7.492,25.6,26.7,7719.49,25.8372726,06:10:07,0
2223,9,01:02:00,3.4126,7.492,25.6,26.7,7741.14,25.9111404,06:10:17,0
2224,9,01:02:10,3.4128,7.492,25.6,26.7,7762.37,25.9836178,06:10:27,0
2225,9,01:02:20,3.4131,7.492,25.6,26.7,7782.78,26.0532627,06:10:37,0
2226,9,01:02:30,3.4133,7.492,25.6,26.7,7804.01,26.1257305,06:10:47,0
2227,9,01:02:40,3.4136,7.492,25.6,26.7,7823.99,26.1939316,06:10:57,0
2228,9,01:02:50,3.4139,7.492,25.6,26.7,7845.64,26.2678642,06:11:07,0
2229,9,01:03:00,3.4141,7.492,25.6,26.7,7865.63,26.3360882,06:11:17,0
2230,9,01:03:10,3.4144,7.492,25.6,26.7,7886.86,26.4085922,06:11:27,0
2231,9,01:03:20,3.4147,7.492,25.6,26.8,7907.26,26.4782543,06:11:37,0
2232,9,01:03:30,3.415,7.492,25.6,26.8,7928.92,26.5521908,06:11:47,0
2233,9,01:03:40,3.4153,7.492,25.6,26.8,7948.9,26.6204472,06:11:57,0
2234,9,01:03:50,3.4156,7.492,25.6,26.8,7970.56,26.6944294,06:12:07,0
2235,9,01:04:00,3.4159,7.492,25.6,26.8,7990.96,26.7641087,06:12:17,0
2236,9,01:04:10,3.4162,7.492,25.6,26.8,8010.95,26.8323803,06:12:27,0
2237,9,01:04:20,3.4165,7.492,25.6,26.8,8032.6,26.9063358,06:12:37,0
2238,9,01:04:30,3.4168,7.492,25.6,26.8,8053.43,26.9775105,06:12:47,0
2239,9,01:04:40,3.4171,7.492,25.6,26.8,8073.41,27.0457897,06:12:57,0
2240,9,01:04:50,3.4175,7.492,25.6,26.8,8095.06,27.1197891,06:13:07,0
2241,9,01:05:00,3.4178,7.492,25.6,26.8,8115.46,27.189497,06:13:17,0
2242,9,01:05:10,3.4182,7.492,25.6,26.8,8136.69,27.2620735,06:13:27,0
2243,9,01:05:20,3.4185,7.492,25.6,26.8,8156.68,27.3303909,06:13:37,0
2244,9,01:05:30,3.4189,7.492,25.6,26.8,8177.92,27.403017,06:13:47,0
2245,9,01:05:40,3.4192,7.492,25.6,26.8,8199.6,27.4771175,06:13:57,0
2246,9,01:05:50,3.4196,7.492,25.6,26.8,8219.58,27.545454,06:14:07,0
2247,9,01:06:00,3.4199,7.492,25.6,26.9,8241.22,27.6194668,06:14:17,0
2248,9,01:06:10,3.4202,7.492,25.6,26.9,8261.2,27.6877975,06:14:27,0
2249,9,01:06:20,3.4207,7.492,25.6,26.9,8282.85,27.7618656,06:14:37,0
2250,9,01:06:30,3.421,7.492,25.6,26.8,8303.25,27.8316288,06:14:47,0
2251,9,01:06:40,3.4214,7.492,25.6,26.9,8324.47,27.9042568,06:14:57,0
2252,9,01:06:50,3.4218,7.492,25.6,26.9,8344.46,27.9726162,06:15:07,0
2253,9,01:07:00,3.4221,7.492,25.6,26.9,8366.1,28.0466785,06:15:17,0
2254,9,01:07:10,3.4225,7.492,25.6,26.9,8386.09,28.1151009,06:15:27,0
2255,9,01:07:20,3.4229,7.492,25.6,26.9,8407.73,28.1891861,06:15:37,0
2256,9,01:07:30,3.4233,7.492,25.6,26.9,8427.3,28.2561665,06:15:47,0
2257,9,01:07:40,3.4237,7.492,25.7,26.9,8449.37,28.3317242,06:15:57,0
2258,9,01:07:50,3.4241,7.492,25.7,26.9,8469.77,28.4015541,06:16:07,0
2259,9,01:08:00,3.4245,7.492,25.7,26.9,8491,28.4742527,06:16:17,0
2260,9,01:08:10,3.4249,7.492,25.7,26.9,8510.98,28.5426865,06:16:27,0
2261,9,01:08:20,3.4253,7.492,25.7,26.9,8532.64,28.6168785,06:16:37,0
2262,9,01:08:30,3.4257,7.492,25.7,26.9,8552.62,28.6853275,06:16:47,0
2263,9,01:08:40,3.4263,7.492,25.7,26.9,8574.28,28.7595234,06:16:57,0
2264,9,01:08:50,3.4266,7.492,25.7,26.9,8594.26,28.8279819,06:17:07,0
2265,9,01:09:00,3.4271,7.492,25.7,26.9,8615.9,28.9021549,06:17:17,0
2266,9,01:09:10,3.4275,7.492,25.7,27,8635.88,28.9706326,06:17:27,0
2267,9,01:09:20,3.4279,7.492,25.7,27,8655.87,29.0391464,06:17:37,0
2268,9,01:09:30,3.4283,7.492,25.7,27,8677.52,29.1133652,06:17:47,0
2269,9,01:09:40,3.4287,7.492,25.7,27,8698.75,29.1861591,06:17:57,0
2270,9,01:09:50,3.4291,7.492,25.7,27,8718.73,29.2546635,06:18:07,0
2271,9,01:10:00,3.4295,7.492,25.7,27,8740.38,29.3288956,06:18:17,0
2272,9,01:10:10,3.43,7.492,25.7,27,8760.78,29.3988686,06:18:27,0
2273,9,01:10:20,3.4303,7.492,25.7,27,8781.18,29.4688416,06:18:37,0
2274,9,01:10:30,3.4308,7.492,25.7,27,8802.82,29.5430984,06:18:47,0
2275,9,01:10:40,3.4312,7.492,25.7,27,8822.81,29.6116676,06:18:57,0
2276,9,01:10:50,3.4315,7.492,25.7,27,8844.45,29.6859417,06:19:07,0
2277,9,01:11:00,3.4319,7.492,25.7,27,8864.43,29.7545071,06:19:17,0
2278,9,01:11:10,3.4323,7.492,25.7,27,8886.09,29.8288574,06:19:27,0
2279,9,01:11:20,3.4327,7.492,25.7,27,8906.08,29.8974876,06:19:37,0
2280,9,01:11:30,3.4332,7.492,25.7,27,8927.73,29.9718018,06:19:47,0
2281,9,01:11:40,3.4336,7.492,25.7,27,8947.71,30.0404053,06:19:57,0
2282,9,01:11:50,3.4339,7.492,25.7,27,8969.36,30.1147366,06:20:07,0
2283,9,01:12:00,3.4343,7.492,25.7,27,8988.93,30.1819382,06:20:17,0
2284,9,01:12:10,3.4348,7.492,25.7,27,9010.16,30.2548523,06:20:27,0
2285,9,01:12:20,3.4352,7.492,25.7,27,9030.57,30.3249588,06:20:37,0
2286,9,01:12:30,3.4356,7.492,25.7,27,9052.22,30.3993416,06:20:47,0
2287,9,01:12:40,3.436,7.492,25.7,27,9073.46,30.4722958,06:20:57,0
2288,9,01:12:50,3.4364,7.492,25.7,27,9093.86,30.5423985,06:21:07,0
2289,9,01:13:00,3.4367,7.492,25.7,27,9115.08,30.6153412,06:21:17,0
2290,9,01:13:10,3.4371,7.492,25.8,27,9135.49,30.6854668,06:21:27,0
2291,9,01:13:20,3.4375,7.492,25.8,27,9156.72,30.7584324,06:21:37,0
2292,9,01:13:30,3.4378,7.492,25.8,27,9176.7,30.8271351,06:21:47,0
2293,9,01:13:40,3.4382,7.492,25.8,27,9198.36,30.9016037,06:21:57,0
2294,9,01:13:50,3.4385,7.492,25.8,27,9218.34,30.9703159,06:22:07,0
2295,9,01:14:00,3.439,7.492,25.8,27,9239.99,31.0447578,06:22:17,0
2296,9,01:14:10,3.4393,7.492,25.8,27,9260.39,31.1149063,06:22:27,0
2297,9,01:14:20,3.4397,7.492,25.8,27,9281.63,31.1879692,06:22:37,0
2298,9,01:14:30,3.4401,7.492,25.8,27,9301.62,31.2567215,06:22:47,0
2299,9,01:14:40,3.4404,7.492,25.8,27,9322.85,31.3297634,06:22:57,0
2300,9,01:14:50,3.4408,7.492,25.8,27,9342.83,31.3985062,06:23:07,0
2301,9,01:15:00,3.4412,7.492,25.8,27.1,9364.48,31.4730167,06:23:17,0
2302,9,01:15:10,3.4415,7.492,25.8,27,9385.71,31.5460873,06:23:27,0
2303,9,01:15:20,3.4419,7.492,25.8,27,9405.7,31.6148758,06:23:37,0
2304,9,01:15:30,3.4422,7.492,25.8,27,9427.35,31.6894073,06:23:47,0
2305,9,01:15:40,3.4426,7.492,25.8,27,9447.33,31.7582016,06:23:57,0
2306,9,01:15:50,3.4431,7.492,25.8,27,9468.57,31.8313084,06:24:07,0
2307,9,01:16:00,3.4434,7.492,25.8,27,9488.56,31.9001255,06:24:17,0
2308,9,01:16:10,3.4439,7.492,25.8,27,9510.62,31.9761047,06:24:27,0
2309,9,01:16:20,3.4442,7.492,25.8,27,9530.61,32.0449257,06:24:37,0
2310,9,01:16:30,3.4446,7.492,25.8,27,9551.84,32.1180573,06:24:47,0
2311,9,01:16:40,3.4449,7.493,25.8,27,9571.82,32.1868896,06:24:57,0
2312,9,01:16:50,3.4453,7.492,25.8,27,9593.47,32.261467,06:25:07,0
2313,9,01:17:00,3.4457,7.492,25.8,27,9614.7,32.3346214,06:25:17,0
2314,9,01:17:10,3.446,7.492,25.8,27,9634.68,32.4034805,06:25:27,0
2315,9,01:17:20,3.4465,7.492,25.8,27,9656.33,32.478096,06:25:37,0
2316,9,01:17:30,3.4468,7.492,25.8,27,9676.32,32.5469627,06:25:47,0
2317,9,01:17:40,3.4472,7.492,25.8,27,9697.96,32.6215782,06:25:57,0
2318,9,01:17:50,3.4476,7.492,25.8,27,9717.95,32.6904831,06:26:07,0
2319,9,01:18:00,3.4479,7.492,25.8,27,9739.19,32.7637177,06:26:17,0
2320,9,01:18:10,3.4483,7.492,25.8,27,9759.18,32.8326378,06:26:27,0
2321,9,01:18:20,3.4487,7.492,25.8,27,9780.82,32.9072876,06:26:37,0
2322,9,01:18:30,3.4491,7.492,25.8,27,9802.06,32.9805183,06:26:47,0
2323,9,01:18:40,3.4495,7.492,25.8,27,9822.46,33.0509148,06:26:57,0
2324,9,01:18:50,3.4499,7.492,25.8,27,9843.69,33.1241417,06:27:07,0
2325,9,01:19:00,3.4502,7.492,25.8,27,9863.67,33.1930733,06:27:17,0
2326,9,01:19:10,3.4506,7.492,25.9,27,9885.33,33.2678108,06:27:27,0
2327,9,01:19:20,3.451,7.492,25.9,27,9905.32,33.3367767,06:27:37,0
2328,9,01:19:30,3.4515,7.492,25.9,27,9926.56,33.4100952,06:27:47,0
2329,9,01:19:40,3.4519,7.492,25.9,27,9946.54,33.4790726,06:27:57,0
2330,9,01:19:50,3.4523,7.492,25.9,27,9968.19,33.5537987,06:28:07,0
2331,9,01:20:00,3.4527,7.492,25.9,27,9988.59,33.6242332,06:28:17,0
2332,9,01:20:10,3.4531,7.492,25.9,27,10010.23,33.698967,06:28:27,0
2333,9,01:20:20,3.4535,7.492,25.9,27,10030.63,33.7694397,06:28:37,0
2334,9,01:20:30,3.4539,7.492,25.9,27,10050.61,33.8384399,06:28:47,0
2335,9,01:20:40,3.4544,7.492,25.9,27,10072.26,33.9132233,06:28:57,0
2336,9,01:20:50,3.4549,7.492,25.9,27,10093.5,33.9865913,06:29:07,0
2337,9,01:21:00,3.4553,7.492,25.9,27,10113.49,34.055645,06:29:17,0
2338,9,01:21:10,3.4556,7.492,25.9,27,10133.47,34.1247063,06:29:27,0
2339,9,01:21:20,3.4561,7.492,25.9,27,10155.54,34.2009659,06:29:37,0
2340,9,01:21:30,3.4565,7.492,25.9,27,10175.51,34.2700195,06:29:47,0
2341,9,01:21:40,3.457,7.492,25.9,27,10196.77,34.3435211,06:29:57,0
2342,9,01:21:50,3.4574,7.492,25.9,27,10217.18,34.4140625,06:30:07,0
2343,9,01:22:00,3.4579,7.492,25.9,27,10238.4,34.4874687,06:30:17,0
2344,9,01:22:10,3.4584,7.492,25.9,27,10259.64,34.5609055,06:30:27,0
2345,9,01:22:20,3.4589,7.492,25.9,27,10279.62,34.6300201,06:30:37,0
2346,9,01:22:30,3.4594,7.492,25.9,27,10301.27,34.7049026,06:30:47,0
2347,9,01:22:40,3.4598,7.492,25.9,26.9,10321.25,34.7740402,06:30:57,0
2348,9,01:22:50,3.4604,7.492,25.9,26.9,10342.48,34.847496,06:31:07,0
2349,9,01:23:00,3.4609,7.492,25.9,26.9,10362.88,34.9180679,06:31:17,0
2350,9,01:23:10,3.4614,7.492,25.9,26.9,10384.11,34.9915543,06:31:27,0
2351,9,01:23:20,3.4619,7.492,25.9,26.9,10404.52,35.0622101,06:31:37,0
2352,9,01:23:30,3.4625,7.492,25.9,26.9,10425.75,35.1357155,06:31:47,0
2353,9,01:23:40,3.463,7.492,25.9,26.9,10446.99,35.2092476,06:31:57,0
2354,9,01:23:50,3.4635,7.492,25.9,26.9,10467.39,35.2798882,06:32:07,0
2355,9,01:24:00,3.4641,7.492,26,26.9,10488.62,35.3534164,06:32:17,0
2356,9,01:24:10,3.4646,7.492,26,26.9,10508.6,35.4226418,06:32:27,0
2357,9,01:24:20,3.4652,7.492,26,26.9,10529.41,35.4947662,06:32:37,0
2358,9,01:24:30,3.4658,7.492,26,26.9,10551.06,35.569809,06:32:47,0
2359,9,01:24:40,3.4663,7.492,26,26.9,10571.05,35.6390762,06:32:57,0
2360,9,01:24:50,3.467,7.492,26,26.9,10592.28,35.7126961,06:33:07,0
2361,9,01:25:00,3.4676,7.492,26,26.9,10612.27,35.7819862,06:33:17,0
2362,9,01:25:10,3.4682,7.492,26,26.9,10633.93,35.8571129,06:33:27,0
2363,9,01:25:20,3.4689,7.492,26,26.9,10655.16,35.930748,06:33:37,0
2364,9,01:25:30,3.4696,7.492,26,26.9,10675.56,36.0015221,06:33:47,0
2365,9,01:25:40,3.4703,7.492,26,26.9,10696.8,36.075222,06:33:57,0
2366,9,01:25:50,3.471,7.492,26,26.9,10716.78,36.1445732,06:34:07,0
2367,9,01:26:00,3.4717,7.492,26,26.9,10738.43,36.2197075,06:34:17,0
2368,9,01:26:10,3.4724,7.492,26,26.9,10758.41,36.289093,06:34:27,0
2369,9,01:26:20,3.4731,7.492,26,26.9,10780.06,36.3642921,06:34:37,0
2370,9,01:26:30,3.4738,7.492,26,26.9,10800.87,36.4365845,06:34:47,0
2371,9,01:26:40,3.4746,7.492,26,26.9,10820.86,36.5060196,06:34:57,0
2372,9,01:26:50,3.4754,7.492,26,26.9,10842.51,36.5812721,06:35:07,0
2373,9,01:27:00,3.4761,7.492,26,26.9,10862.52,36.6508102,06:35:17,0
2374,9,01:27:10,3.4772,7.492,26.1,26.9,10884.17,36.7260704,06:35:27,0
2375,9,01:27:20,3.478,7.492,26.1,26.9,10904.56,36.7969933,06:35:37,0
2376,9,01:27:30,3.4789,7.492,26.1,26.9,10925.79,36.8708496,06:35:47,0
2377,9,01:27:40,3.4798,7.492,26.1,26.9,10945.78,36.9403877,06:35:57,0
2378,9,01:27:50,3.4807,7.492,26.1,26.9,10967.01,37.0142975,06:36:07,0
2379,9,01:28:00,3.4816,7.492,26.1,26.9,10987,37.0838661,06:36:17,0
2380,9,01:28:10,3.4827,7.492,26.1,26.9,11008.65,37.1592598,06:36:27,0
2381,9,01:28:20,3.4837,7.492,26.1,26.9,11029.05,37.2303123,06:36:37,0
2382,9,01:28:30,3.4848,7.492,26.1,26.9,11050.28,37.3042946,06:36:47,0
2383,9,01:28:40,3.486,7.492,26.1,26.9,11070.26,37.3739395,06:36:57,0
2384,9,01:28:50,3.4871,7.492,26.1,27,11091.91,37.4494133,06:37:07,0
2385,9,01:29:00,3.4884,7.492,26.1,26.9,11113.15,37.5234756,06:37:17,0
2386,9,01:29:10,3.4894,7.492,26.1,26.9,11133.14,37.5932007,06:37:27,0
2387,9,01:29:20,3.4909,7.492,26.2,26.9,11154.37,37.667305,06:37:37,0
2388,9,01:29:30,3.4921,7.492,26.2,26.9,11174.77,37.7385292,06:37:47,0
2389,9,01:29:40,3.4935,7.492,26.2,27,11196.42,37.8141518,06:37:57,0
2390,9,01:29:50,3.495,7.492,26.2,27,11216.82,37.885437,06:38:07,0
2391,9,01:30:00,3.4965,7.492,26.2,26.9,11238.05,37.9596481,06:38:17,0
2392,9,01:30:10,3.4978,7.478,26.2,26.9,11258.43,38.0309258,06:38:27,0
2393,9,01:30:20,3.4971,7.327,25.6,26.9,11278.48,38.1010704,06:38:37,0
2394,9,01:30:30,3.4971,7.247,25.3,27,11299.13,38.1732712,06:38:47,0
2395,9,01:30:40,3.4971,7.169,25.1,27,11318.34,38.2404633,06:38:57,0
2396,9,01:30:50,3.4971,7.08,24.8,27,11339.32,38.313797,06:39:07,0
2397,9,01:31:00,3.4971,7.001,24.5,27,11358.1,38.3794708,06:39:17,0
2398,9,01:31:10,3.4971,6.922,24.2,27,11377.44,38.4471283,06:39:27,0
2399,9,01:31:20,3.4971,6.842,23.9,27,11396.97,38.515419,06:39:37,0
2400,9,01:31:30,3.4971,6.766,23.7,27,11415.5,38.580204,06:39:47,0
2401,9,01:31:40,3.4971,6.688,23.4,27,11434.56,38.6468658,06:39:57,0
2402,9,01:31:50,3.4971,6.61,23.1,27,11452.65,38.7101288,06:40:07,0
2403,9,01:32:00,3.4971,6.531,22.8,27,11470.89,38.7739372,06:40:17,0
2404,9,01:32:10,3.4971,6.458,22.6,27,11488.21,38.8344727,06:40:27,0
2405,9,01:32:20,3.4971,6.371,22.3,26.9,11506.73,38.8992577,06:40:37,0
2406,9,01:32:30,3.4971,6.295,22,26.9,11523.98,38.9595642,06:40:47,0
2407,9,01:32:40,3.4971,6.223,21.8,26.9,11541.72,39.0216141,06:40:57,0
2408,9,01:32:50,3.4971,6.148,21.5,27,11559.25,39.0829048,06:41:07,0
2409,9,01:33:00,3.4971,6.077,21.3,27,11575.54,39.1398811,06:41:17,0
2410,9,01:33:10,3.4971,5.995,21,26.9,11592.98,39.2008629,06:41:27,0
2411,9,01:33:20,3.4971,5.936,20.8,26.9,11609.23,39.2576866,06:41:37,0
2412,9,01:33:30,3.4971,5.858,20.5,26.9,11625.6,39.3149452,06:41:47,0
2413,9,01:33:40,3.4971,5.788,20.2,26.9,11642.1,39.3726463,06:41:57,0
2414,9,01:33:50,3.4971,5.722,20,26.9,11657.45,39.4263268,06:42:07,0
2415,9,01:34:00,3.4971,5.653,19.8,26.9,11673.88,39.4837646,06:42:17,0
2416,9,01:34:10,3.4971,5.589,19.5,26.9,11688.55,39.5350647,06:42:27,0
2417,9,01:34:20,3.4971,5.525,19.3,26.9,11704.29,39.5901222,06:42:37,0
2418,9,01:34:30,3.4971,5.452,19.1,26.9,11719.84,39.6445007,06:42:47,0
2419,9,01:34:40,3.4971,5.399,18.9,26.9,11734.31,39.6951065,06:42:57,0
2420,9,01:34:50,3.4971,5.328,18.6,26.9,11749.8,39.7492752,06:43:07,0
2421,9,01:35:00,3.4971,5.268,18.4,26.9,11764.81,39.8017616,06:43:17,0
2422,9,01:35:10,3.4971,5.209,18.2,26.9,11779.06,39.8516159,06:43:27,0
2423,9,01:35:20,3.4971,5.152,18,26.9,11793.74,39.9029274,06:43:37,0
2424,9,01:35:30,3.4971,5.094,17.8,26.9,11807.39,39.9506645,06:43:47,0
2425,9,01:35:40,3.4971,5.038,17.6,26.9,11821.73,40.0008278,06:43:57,0
2426,9,01:35:50,3.4972,4.983,17.4,26.9,11835.09,40.0475159,06:44:07,0
2427,9,01:36:00,3.4971,4.92,17.2,26.9,11849.66,40.0984917,06:44:17,0
2428,9,01:36:10,3.4971,4.866,17,26.8,11862.98,40.1450615,06:44:27,0
2429,9,01:36:20,3.4971,4.814,16.8,26.9,11875.88,40.1902008,06:44:37,0
2430,9,01:36:30,3.4971,4.762,16.7,26.9,11889.72,40.2385712,06:44:47,0
2431,9,01:36:40,3.4971,4.711,16.5,26.8,11903.13,40.2854805,06:44:57,0
2432,9,01:36:50,3.4971,4.66,16.3,26.8,11915.62,40.3291702,06:45:07,0
2433,9,01:37:00,3.4971,4.603,16.1,26.9,11928.75,40.375061,06:45:17,0
2434,9,01:37:10,3.4971,4.554,15.9,26.8,11941.22,40.418663,06:45:27,0
2435,9,01:37:20,3.4971,4.506,15.8,26.8,11954.06,40.4635773,06:45:37,0
2436,9,01:37:30,3.4972,4.46,15.6,26.8,11966.02,40.5054054,06:45:47,0
2437,9,01:37:40,3.4972,4.415,15.4,26.8,11979.08,40.5510826,06:45:57,0
2438,9,01:37:50,3.4972,4.369,15.3,26.8,11990.79,40.5920181,06:46:07,0
2439,9,01:38:00,3.4972,4.316,15.1,26.8,12003.33,40.6358948,06:46:17,0
2440,9,01:38:10,3.4972,4.279,15,26.8,12014.79,40.6759682,06:46:27,0
2441,9,01:38:20,3.4972,4.229,14.8,26.8,12026.84,40.7181168,06:46:37,0
2442,9,01:38:30,3.4972,4.184,14.6,26.8,12038.3,40.7581978,06:46:47,0
2443,9,01:38:40,3.4972,4.145,14.5,26.8,12050.11,40.7994766,06:46:57,0
2444,9,01:38:50,3.4972,4.104,14.4,26.8,12061.33,40.8387184,06:47:07,0
2445,9,01:39:00,3.4972,4.062,14.2,26.8,12073.12,40.8799706,06:47:17,0
2446,9,01:39:10,3.4972,4.022,14.1,26.7,12084.12,40.9184265,06:47:27,0
2447,9,01:39:20,3.4972,3.977,13.9,26.7,12095.45,40.9580574,06:47:37,0
2448,9,01:39:30,3.4972,3.937,13.8,26.7,12106.23,40.9957428,06:47:47,0
2449,9,01:39:40,3.4972,3.898,13.6,26.7,12116.67,41.03228,06:47:57,0
2450,9,01:39:50,3.4972,3.862,13.5,26.7,12127.88,41.0714722,06:48:07,0
2451,9,01:40:00,3.4972,3.824,13.4,26.7,12138.12,41.1073074,06:48:17,0
2452,9,01:40:10,3.4972,3.786,13.2,26.7,12149.12,41.1457405,06:48:27,0
2453,9,01:40:20,3.4972,3.744,13.1,26.7,12159.78,41.1830521,06:48:37,0
2454,9,01:40:30,3.4972,3.713,13,26.7,12169.93,41.218544,06:48:47,0
2455,9,01:40:40,3.4972,3.673,12.8,26.7,12180.39,41.2551231,06:48:57,0
2456,9,01:40:50,3.4972,3.639,12.7,26.7,12190.14,41.2892227,06:49:07,0
2457,9,01:41:00,3.4972,3.605,12.6,26.6,12200.6,41.3258095,06:49:17,0
2458,9,01:41:10,3.4972,3.569,12.5,26.6,12210.17,41.3592682,06:49:27,0
2459,9,01:41:20,3.4972,3.537,12.4,26.6,12220.43,41.395153,06:49:37,0
2460,9,01:41:30,3.4972,3.502,12.2,26.6,12229.62,41.4272842,06:49:47,0
2461,9,01:41:40,3.4972,3.466,12.1,26.6,12239.68,41.4624825,06:49:57,0
2462,9,01:41:50,3.4972,3.434,12,26.6,12249.07,41.4953346,06:50:07,0
2463,9,01:42:00,3.4972,3.402,11.9,26.6,12258.76,41.5292206,06:50:17,0
2464,9,01:42:10,3.4972,3.37,11.8,26.6,12267.98,41.5614586,06:50:27,0
2465,9,01:42:20,3.4972,3.34,11.7,26.6,12277.67,41.5953522,06:50:37,0
2466,9,01:42:30,3.4972,3.31,11.6,26.6,12286.54,41.6263695,06:50:47,0
2467,9,01:42:40,3.4972,3.276,11.5,26.5,12296.06,41.6596298,06:50:57,0
2468,9,01:42:50,3.4972,3.25,11.4,26.5,12304.76,41.6900482,06:51:07,0
2469,9,01:43:00,3.4972,3.216,11.2,26.5,12314.09,41.7226982,06:51:17,0
2470,9,01:43:10,3.4972,3.187,11.1,26.5,12322.82,41.7532043,06:51:27,0
2471,9,01:43:20,3.4972,3.159,11,26.5,12331.28,41.7828026,06:51:37,0
2472,9,01:43:30,3.4972,3.129,10.9,26.5,12340.36,41.8145599,06:51:47,0
2473,9,01:43:40,3.4972,3.102,10.8,26.5,12348.67,41.8436165,06:51:57,0
2474,9,01:43:50,3.4972,3.074,10.8,26.5,12357.6,41.8748398,06:52:07,0
2475,9,01:44:00,3.4972,3.046,10.7,26.5,12365.92,41.9039612,06:52:17,0
2476,9,01:44:10,3.4972,3.02,10.6,26.4,12374.01,41.9322357,06:52:27,0
2477,9,01:44:20,3.4972,2.99,10.5,26.5,12382.69,41.9625893,06:52:37,0
2478,9,01:44:30,3.4972,2.964,10.4,26.4,12391.13,41.9920998,06:52:47,0
2479,9,01:44:40,3.4972,2.938,10.3,26.4,12399,42.0196228,06:52:57,0
2480,9,01:44:50,3.4972,2.911,10.2,26.4,12407.29,42.0486183,06:53:07,0
2481,9,01:45:00,3.4972,2.887,10.1,26.4,12415.02,42.0756531,06:53:17,0
2482,9,01:45:10,3.4972,2.862,10,26.4,12423.48,42.1052475,06:53:27,0
2483,9,01:45:20,3.4972,2.838,9.9,26.4,12431.08,42.1318092,06:53:37,0
2484,9,01:45:30,3.4972,2.808,9.8,26.3,12439.24,42.1603317,06:53:47,0
2485,9,01:45:40,3.4972,2.786,9.7,26.3,12446.7,42.1864204,06:53:57,0
2486,9,01:45:50,3.4972,2.763,9.7,26.3,12454.71,42.214447,06:54:07,0
2487,9,01:46:00,3.4972,2.736,9.6,26.3,12462.05,42.2401009,06:54:17,0
2488,9,01:46:10,3.4972,2.715,9.5,26.3,12469.93,42.2676659,06:54:27,0
2489,9,01:46:20,3.4972,2.692,9.4,26.3,12477.14,42.2928619,06:54:37,0
2490,9,01:46:30,3.4972,2.668,9.3,26.3,12484.73,42.3194237,06:54:47,0
2491,9,01:46:40,3.4972,2.645,9.3,26.3,12492.26,42.3457489,06:54:57,0
2492,9,01:46:50,3.4972,2.622,9.2,26.3,12499.43,42.3708344,06:55:07,0
2493,9,01:47:00,3.4972,2.601,9.1,26.3,12506.83,42.3967056,06:55:17,0
2494,9,01:47:10,3.4972,2.579,9,26.3,12513.74,42.4208717,06:55:27,0
2495,9,01:47:20,3.4972,2.559,8.9,26.2,12521.02,42.4463272,06:55:37,0
2496,9,01:47:30,3.4972,2.536,8.9,26.2,12527.81,42.4700623,06:55:47,0
2497,9,01:47:40,3.4972,2.515,8.8,26.2,12535.1,42.4955673,06:55:57,0
2498,9,01:47:50,3.4972,2.493,8.7,26.2,12542.2,42.5203896,06:56:07,0
2499,9,01:48:00,3.4972,2.473,8.6,26.2,12548.96,42.5440407,06:56:17,0
2500,9,01:48:10,3.4972,2.453,8.6,26.2,12555.94,42.5684471,06:56:27,0
2501,9,01:48:20,3.4972,2.432,8.5,26.2,12562.58,42.5916862,06:56:37,0
2502,9,01:48:30,3.4972,2.413,8.4,26.1,12569.45,42.6156845,06:56:47,0
2503,9,01:48:40,3.4972,2.393,8.4,26.1,12575.98,42.638546,06:56:57,0
2504,9,01:48:50,3.4972,2.374,8.3,26.1,12582.34,42.6607819,06:57:07,0
2505,9,01:49:00,3.4972,2.351,8.2,26.1,12589.17,42.6846542,06:57:17,0
2506,9,01:49:10,3.4972,2.334,8.2,26.1,12595.8,42.7078705,06:57:27,0
2507,9,01:49:20,3.4972,2.315,8.1,26.1,12602.01,42.7295609,06:57:37,0
2508,9,01:49:30,3.4972,2.296,8,26.1,12608.29,42.7515221,06:57:47,0
2509,9,01:49:40,3.4972,2.279,8,26.1,12614.77,42.7741852,06:57:57,0
2510,9,01:49:50,3.4972,2.26,7.9,26,12621.32,42.7971077,06:58:07,0
2511,9,01:50:00,3.4972,2.243,7.8,26,12627.33,42.8181,06:58:17,0
2512,9,01:50:10,3.4972,2.223,7.8,26,12633.78,42.8406601,06:58:27,0
2513,9,01:50:20,3.4972,2.204,7.7,26,12639.68,42.8613129,06:58:37,0
2514,9,01:50:30,3.4972,2.187,7.6,26,12646.03,42.8835068,06:58:47,0
2515,9,01:50:40,3.4972,2.171,7.6,26,12651.84,42.9038353,06:58:57,0
2516,9,01:50:50,3.4972,2.155,7.5,26,12658.09,42.9256935,06:59:07,0
2517,9,01:51:00,3.4972,2.138,7.5,26,12663.81,42.9457016,06:59:17,0
2518,9,01:51:10,3.4972,2.122,7.4,25.9,12669.96,42.967205,06:59:27,0
2519,9,01:51:20,3.4973,2.106,7.4,25.9,12675.59,42.9868965,06:59:37,0
2520,9,01:51:30,3.4972,2.085,7.3,25.9,12681.53,43.0076675,06:59:47,0
2521,9,01:51:40,3.4972,2.07,7.2,25.9,12687.42,43.0282593,06:59:57,0
2522,9,01:51:50,3.4972,2.056,7.2,25.9,12692.92,43.0474968,07:00:07,0
2523,9,01:52:00,3.4972,2.039,7.1,25.9,12698.83,43.0681763,07:00:17,0
2524,9,01:52:10,3.4972,2.024,7.1,25.9,12704.25,43.0871201,07:00:27,0
2525,9,01:52:20,3.4973,2.01,7,25.9,12709.96,43.1071053,07:00:37,0
2526,9,01:52:30,3.4972,1.995,7,25.9,12715.3,43.1257591,07:00:47,0
2527,9,01:52:40,3.4972,1.977,6.9,25.9,12720.93,43.1454239,07:00:57,0
2528,9,01:52:50,3.4972,1.962,6.9,25.8,12726.62,43.165329,07:01:07,0
2529,9,01:53:00,3.4972,1.949,6.8,25.8,12731.84,43.1835785,07:01:17,0
2530,9,01:53:10,3.4972,1.934,6.8,25.8,12737.45,43.2031898,07:01:27,0
2531,9,01:53:20,3.4972,1.92,6.7,25.8,12742.59,43.2211571,07:01:37,0
2532,9,01:53:30,3.4972,1.905,6.7,25.8,12748.01,43.2401085,07:01:47,0
2533,9,01:53:40,3.4972,1.892,6.6,25.8,12753.07,43.2578163,07:01:57,0
2534,9,01:53:50,3.4973,1.877,6.6,25.8,12758.51,43.2768555,07:02:07,0
2535,9,01:54:00,3.4973,1.865,6.5,25.8,12763.5,43.2943001,07:02:17,0
2536,9,01:54:10,3.4972,1.85,6.5,25.8,12768.86,43.3130646,07:02:27,0
2537,9,01:54:20,3.4973,1.836,6.4,25.7,12773.78,43.3302536,07:02:37,0
2538,9,01:54:30,3.4972,1.822,6.4,25.7,12779.06,43.3487358,07:02:47,0
2539,9,01:54:40,3.4972,1.809,6.3,25.7,12783.91,43.3656731,07:02:57,0
2540,9,01:54:50,3.4972,1.796,6.3,25.7,12789.01,43.3835335,07:03:07,0
2541,9,01:55:00,3.4972,1.783,6.2,25.7,12793.89,43.4005699,07:03:17,0
2542,9,01:55:10,3.4972,1.77,6.2,25.7,12798.92,43.4181747,07:03:27,0
2543,9,01:55:20,3.4972,1.757,6.1,25.7,12803.62,43.4346237,07:03:37,0
2544,9,01:55:30,3.4972,1.744,6.1,25.7,12808.68,43.4523163,07:03:47,0
2545,9,01:55:40,3.4972,1.733,6.1,25.6,12813.32,43.468544,07:03:57,0
2546,9,01:55:50,3.4972,1.72,6,25.6,12818.3,43.4859772,07:04:07,0
2547,9,01:56:00,3.4972,1.708,6,25.6,12822.97,43.5022926,07:04:17,0
2548,9,01:56:10,3.4972,1.694,5.9,25.6,12827.79,43.5191498,07:04:27,0
2549,9,01:56:20,3.4972,1.685,5.9,25.6,12832.39,43.5352325,07:04:37,0
2550,9,01:56:30,3.4973,1.672,5.8,25.6,12837.24,43.5522003,07:04:47,0
2551,9,01:56:40,3.4973,1.661,5.8,25.6,12841.68,43.5677338,07:04:57,0
2552,9,01:56:50,3.4972,1.649,5.8,25.6,12846.37,43.5841408,07:05:07,0
2553,9,01:57:00,3.4972,1.638,5.7,25.6,12851.02,43.6004219,07:05:17,0
2554,9,01:57:10,3.4972,1.627,5.7,25.6,12855.37,43.6156349,07:05:27,0
2555,9,01:57:20,3.4972,1.613,5.6,25.5,12860.05,43.6319923,07:05:37,0
2556,9,01:57:30,3.4972,1.603,5.6,25.5,12864.43,43.6473045,07:05:47,0
2557,9,01:57:40,3.4972,1.592,5.6,25.5,12868.69,43.6622047,07:05:57,0
2558,9,01:57:50,3.4972,1.579,5.5,25.5,12873.19,43.6779251,07:06:07,0
2559,9,01:58:00,3.4973,1.57,5.5,25.5,12877.74,43.69384,07:06:17,0
2560,9,01:58:10,3.4973,1.56,5.5,25.5,12881.91,43.7084312,07:06:27,0
2561,9,01:58:20,3.4972,1.549,5.4,25.5,12886.32,43.723835,07:06:37,0
2562,9,01:58:30,3.4972,1.539,5.4,25.5,12890.43,43.738224,07:06:47,0
2563,9,01:58:40,3.4973,1.527,5.3,25.5,12894.87,43.7537308,07:06:57,0
2564,9,01:58:50,3.4972,1.517,5.3,25.4,12899.18,43.7688141,07:07:07,0
2565,9,01:59:00,3.4973,1.507,5.3,25.4,12903.22,43.7829285,07:07:17,0
2566,9,01:59:10,3.4972,1.498,5.2,25.4,12907.31,43.7972298,07:07:27,0
2567,9,01:59:20,3.4973,1.488,5.2,25.4,12911.54,43.8120193,07:07:37,0
2568,9,01:59:30,3.4972,1.477,5.2,25.4,12915.82,43.8269844,07:07:47,0
2569,9,01:59:40,3.4973,1.469,5.1,25.4,12919.75,43.8407173,07:07:57,0
2570,9,01:59:50,3.4973,1.458,5.1,25.4,12923.9,43.8552322,07:08:07,0
2571,9,02:00:00,3.4973,1.449,5.1,25.4,12927.85,43.8690643,07:08:17,0
2572,9,02:00:10,3.4973,1.439,5,25.3,12932.03,43.8836403,07:08:27,0
2573,9,02:00:20,3.4972,1.431,5,25.3,12935.85,43.8970261,07:08:37,0
2574,9,02:00:30,3.4972,1.421,5,25.3,12939.89,43.9111519,07:08:47,0
2575,9,02:00:40,3.4973,1.412,4.9,25.3,12943.75,43.9246292,07:08:57,0
2576,9,02:00:50,3.4972,1.403,4.9,25.3,12947.73,43.9385643,07:09:07,0
2577,9,02:01:00,3.4973,1.394,4.9,25.3,12951.46,43.9515991,07:09:17,0
2578,9,02:01:10,3.4972,1.383,4.8,25.3,12955.47,43.9656296,07:09:27,0
2579,9,02:01:20,3.4973,1.375,4.8,25.3,12959.38,43.9793015,07:09:37,0
2580,9,02:01:30,3.4972,1.367,4.8,25.3,12963.11,43.9923439,07:09:47,0
2581,9,02:01:40,3.4973,1.358,4.8,25.3,12966.97,44.0058441,07:09:57,0
2582,9,02:01:50,3.4972,1.35,4.7,25.3,12970.58,44.0184593,07:10:07,0
2583,9,02:02:00,3.4973,1.34,4.7,25.2,12974.47,44.0320511,07:10:17,0
2584,9,02:02:10,3.4972,1.334,4.7,25.2,12978.03,44.0445099,07:10:27,0
2585,9,02:02:20,3.4973,1.323,4.6,25.2,12981.87,44.0579338,07:10:37,0
2586,9,02:02:30,3.4973,1.315,4.6,25.2,12985.46,44.0704956,07:10:47,0
2587,9,02:02:40,3.4973,1.306,4.6,25.2,12989.18,44.0834885,07:10:57,0
2588,9,02:02:50,3.4972,1.3,4.5,25.2,12992.65,44.0956497,07:11:07,0
2589,9,02:03:00,3.4973,1.293,4.5,25.2,12996.4,44.1087341,07:11:17,0
2590,9,02:03:10,3.4973,1.284,4.5,25.2,12999.83,44.1207428,07:11:27,0
2591,9,02:03:20,3.4973,1.275,4.5,25.2,13003.53,44.133667,07:11:37,0
2592,9,02:03:30,3.4973,1.268,4.4,25.2,13006.92,44.1455231,07:11:47,0
2593,9,02:03:40,3.4973,1.259,4.4,25.1,13010.5,44.1580582,07:11:57,0
2594,9,02:03:50,3.4973,1.252,4.4,25.1,13013.92,44.1700172,07:12:07,0
2595,9,02:04:00,3.4973,1.245,4.4,25.1,13017.46,44.1823921,07:12:17,0
2596,9,02:04:10,3.4972,1.237,4.3,25.1,13020.98,44.1946831,07:12:27,0
2597,9,02:04:20,3.4973,1.23,4.3,25.1,13024.33,44.2064285,07:12:37,0
2598,9,02:04:30,3.4973,1.223,4.3,25.1,13027.67,44.2181091,07:12:47,0
2599,9,02:04:40,3.4973,1.215,4.2,25.1,13031.13,44.2301941,07:12:57,0
2600,9,02:04:50,3.4973,1.208,4.2,25.1,13034.36,44.2414894,07:13:07,0
2601,9,02:05:00,3.4973,1.201,4.2,25.1,13037.84,44.2536545,07:13:17,0
2602,9,02:05:10,3.4973,1.194,4.2,25.1,13041.03,44.2648277,07:13:27,0
2603,9,02:05:20,3.4973,1.187,4.1,25.1,13044.47,44.2768669,07:13:37,0
2604,9,02:05:30,3.4973,1.181,4.1,25.1,13047.62,44.2878952,07:13:47,0
2605,9,02:05:40,3.4973,1.173,4.1,25,13050.96,44.2995567,07:13:57,0
2606,9,02:05:50,3.4973,1.166,4.1,25,13054.14,44.3106918,07:14:07,0
2607,9,02:06:00,3.4973,1.159,4.1,25,13057.5,44.3224411,07:14:17,0
2608,9,02:06:10,3.4973,1.152,4,25,13060.58,44.3332253,07:14:27,0
2609,9,02:06:20,3.4973,1.146,4,25,13063.9,44.3448296,07:14:37,0
2610,9,02:06:30,3.4973,1.14,4,25,13066.95,44.3554764,07:14:47,0
2611,9,02:06:40,3.4973,1.133,4,25,13070.23,44.366951,07:14:57,0
2612,9,02:06:50,3.4973,1.126,3.9,24.9,13073.24,44.3774872,07:15:07,0
2613,9,02:07:00,3.4973,1.12,3.9,24.9,13076.48,44.3888283,07:15:17,0
2614,9,02:07:10,3.4972,1.112,3.9,24.9,13079.46,44.3992462,07:15:27,0
2615,9,02:07:20,3.4973,1.107,3.9,24.9,13082.61,44.4102592,07:15:37,0
2616,9,02:07:30,3.4973,1.1,3.8,24.9,13085.55,44.4205551,07:15:47,0
2617,9,02:07:40,3.4973,1.095,3.8,24.9,13088.73,44.4316444,07:15:57,0
2618,9,02:07:50,3.4973,1.089,3.8,24.9,13091.82,44.4424629,07:16:07,0
2619,9,02:08:00,3.4973,1.082,3.8,24.9,13094.77,44.4528008,07:16:17,0
2620,9,02:08:10,3.4973,1.077,3.8,24.9,13097.83,44.4635048,07:16:27,0
2621,9,02:08:20,3.4973,1.071,3.7,24.9,13100.76,44.473732,07:16:37,0
2622,9,02:08:30,3.4973,1.064,3.7,24.8,13103.6,44.4836845,07:16:47,0
2623,9,02:08:40,3.4973,1.059,3.7,24.8,13106.67,44.4944,07:16:57,0
2624,9,02:08:50,3.4973,1.052,3.7,24.8,13109.66,44.5048561,07:17:07,0
2625,9,02:09:00,3.4973,1.047,3.7,24.8,13112.46,44.5146408,07:17:17,0
2626,9,02:09:10,3.4973,1.04,3.6,24.8,13115.47,44.5251884,07:17:27,0
2627,9,02:09:20,3.4973,1.034,3.6,24.8,13118.3,44.5350723,07:17:37,0
2628,9,02:09:30,3.4972,1.029,3.6,24.8,13121.05,44.5447006,07:17:47,0
2629,9,02:09:40,3.4973,1.024,3.6,24.8,13124.02,44.5550804,07:17:57,0
2630,9,02:09:50,3.4973,1.019,3.6,24.8,13126.8,44.5648003,07:18:07,0
2631,9,02:10:00,3.4973,1.014,3.5,24.8,13129.68,44.5748711,07:18:17,0
2632,9,02:10:10,3.4973,1.008,3.5,24.8,13132.37,44.5842896,07:18:27,0
2633,9,02:10:20,3.4973,1.002,3.5,24.7,13135.28,44.5944405,07:18:37,0
2634,9,02:10:30,3.4973,0.998,3.5,24.7,13138.05,44.6041527,07:18:47,0
2635,9,02:10:40,3.4972,0.991,3.5,24.7,13140.87,44.614006,07:18:57,0
2636,9,02:10:50,3.4973,0.986,3.4,24.7,13143.57,44.6234207,07:19:07,0
2637,9,02:11:00,3.4973,0.98,3.4,24.7,13146.24,44.6327782,07:19:17,0
2638,9,02:11:10,3.4973,0.976,3.4,24.7,13149.07,44.6426659,07:19:27,0
2639,9,02:11:20,3.4973,0.971,3.4,24.7,13151.67,44.6517487,07:19:37,0
2640,9,02:11:30,3.4973,0.966,3.4,24.7,13154.47,44.661541,07:19:47,0
2641,9,02:11:40,3.4973,0.962,3.4,24.7,13157.04,44.6705208,07:19:57,0
2642,9,02:11:50,3.4973,0.957,3.3,24.7,13159.75,44.6800117,07:20:07,0
2643,9,02:12:00,3.4973,0.951,3.3,24.6,13162.29,44.6889114,07:20:17,0
2644,9,02:12:10,3.4973,0.946,3.3,24.6,13165.09,44.6986771,07:20:27,0
2645,9,02:12:20,3.4973,0.941,3.3,24.6,13167.6,44.7074738,07:20:37,0
2646,9,02:12:30,3.4973,0.936,3.3,24.6,13170.27,44.716774,07:20:47,0
2647,9,02:12:40,3.4973,0.932,3.3,24.6,13172.76,44.7254791,07:20:57,0
2648,9,02:12:50,3.4973,0.926,3.2,24.6,13175.39,44.7346954,07:21:07,0
2649,9,02:13:00,3.4973,0.923,3.2,24.6,13177.86,44.7433205,07:21:17,0
2650,9,02:13:10,3.4973,0.918,3.2,24.6,13180.52,44.7526207,07:21:27,0
2651,9,02:13:20,3.4973,0.914,3.2,24.6,13183.11,44.7616959,07:21:37,0
2652,9,02:13:30,3.4973,0.909,3.2,24.6,13185.54,44.7701912,07:21:47,0
2653,9,02:13:40,3.4973,0.904,3.2,24.6,13188.16,44.7793388,07:21:57,0
2654,9,02:13:50,3.4973,0.9,3.1,24.6,13190.56,44.7877541,07:22:07,0
2655,9,02:14:00,3.4973,0.897,3.1,24.6,13193.1,44.7966461,07:22:17,0
2656,9,02:14:10,3.4973,0.891,3.1,24.6,13195.49,44.804985,07:22:27,0
2657,9,02:14:20,3.4973,0.886,3.1,24.5,13198.05,44.813961,07:22:37,0
2658,9,02:14:30,3.4973,0.881,3.1,24.5,13200.41,44.8222122,07:22:47,0
2659,9,02:14:40,3.4973,0.878,3.1,24.5,13202.95,44.8311043,07:22:57,0
2660,9,02:14:50,3.4973,0.874,3.1,24.5,13205.43,44.8397827,07:23:07,0
2661,9,02:15:00,3.4973,0.869,3,24.5,13207.76,44.8479042,07:23:17,0
2662,9,02:15:10,3.4973,0.865,3,24.5,13210.26,44.8566551,07:23:27,0
2663,9,02:15:20,3.4972,0.862,3,24.5,13212.56,44.8647041,07:23:37,0
2664,9,02:15:30,3.4973,0.858,3,24.5,13215.04,44.8733788,07:23:47,0
2665,9,02:15:40,3.4973,0.851,3,24.5,13217.32,44.8813515,07:23:57,0
2666,9,02:15:50,3.4973,0.849,3,24.5,13219.73,44.8897781,07:24:07,0
2667,9,02:16:00,3.4973,0.843,2.9,24.5,13222.03,44.8978462,07:24:17,0
2668,9,02:16:10,3.4973,0.841,2.9,24.5,13224.47,44.9063568,07:24:27,0
2669,9,02:16:20,3.4973,0.836,2.9,24.4,13226.7,44.9141731,07:24:37,0
2670,9,02:16:30,3.4973,0.831,2.9,24.4,13229.07,44.922451,07:24:47,0
2671,9,02:16:40,3.4973,0.829,2.9,24.4,13231.29,44.9302025,07:24:57,0
2672,9,02:16:50,3.4973,0.823,2.9,24.4,13233.67,44.9385529,07:25:07,0
2673,9,02:17:00,3.4973,0.821,2.9,24.4,13235.87,44.9462166,07:25:17,0
2674,9,02:17:10,3.4973,0.817,2.9,24.4,13238.23,44.9544868,07:25:27,0
2675,9,02:17:20,3.4973,0.812,2.8,24.4,13240.41,44.9620934,07:25:37,0
2676,9,02:17:30,3.4973,0.809,2.8,24.4,13242.71,44.9701385,07:25:47,0
2677,9,02:17:40,3.4973,0.805,2.8,24.4,13245.04,44.9782982,07:25:57,0
2678,9,02:17:50,3.4973,0.802,2.8,24.4,13247.18,44.9857903,07:26:07,0
2679,9,02:18:00,3.4973,0.798,2.8,24.4,13249.45,44.9937172,07:26:17,0
2680,9,02:18:10,3.4973,0.795,2.8,24.4,13251.62,45.0013046,07:26:27,0
2681,9,02:18:20,3.4973,0.791,2.8,24.4,13253.86,45.0091553,07:26:37,0
2682,9,02:18:30,3.4973,0.787,2.8,24.3,13256.01,45.0166664,07:26:47,0
2683,9,02:18:40,3.4973,0.784,2.7,24.3,13258.28,45.0246048,07:26:57,0
2684,9,02:18:50,3.4973,0.78,2.7,24.3,13260.36,45.0318985,07:27:07,0
2685,9,02:19:00,3.4973,0.776,2.7,24.3,13262.61,45.0397682,07:27:17,0
2686,9,02:19:10,3.4973,0.773,2.7,24.3,13264.68,45.0469933,07:27:27,0
2687,9,02:19:20,3.4973,0.77,2.7,24.3,13266.9,45.0547867,07:27:37,0
2688,9,02:19:30,3.4972,0.765,2.7,24.3,13268.99,45.0620995,07:27:47,0
2689,9,02:19:40,3.4973,0.763,2.7,24.3,13271.16,45.0696831,07:27:57,0
2690,9,02:19:50,3.4973,0.76,2.7,24.3,13273.19,45.0767822,07:28:07,0
2691,9,02:20:00,3.4973,0.756,2.6,24.3,13275.34,45.0843048,07:28:17,0
2692,9,02:20:10,3.4973,0.752,2.6,24.3,13277.48,45.0917778,07:28:27,0
2693,9,02:20:17,3.4973,0.748,2.6,24.3,13279.06,45.0973244,07:28:35,EC
2694,10,00:00:10,3.4576,0,0,24.3,0,0,07:28:45,0
2695,10,00:00:20,3.4443,0,0,24.2,0,0,07:28:55,0
2696,10,00:00:30,3.433,0,0,24.2,0,0,07:29:05,0
2697,10,00:00:40,3.425,0,0,24.2,0,0,07:29:15,0
2698,10,00:00:50,3.4182,0,0,24.2,0,0,07:29:25,0
2699,10,00:01:00,3.4124,0,0,24.2,0,0,07:29:35,0
2700,10,00:01:10,3.4073,0,0,24.2,0,0,07:29:45,0
2701,10,00:01:20,3.4028,0,0,24.2,0,0,07:29:55,0
2702,10,00:01:30,3.399,0,0,24.2,0,0,07:30:05,0
2703,10,00:01:40,3.3954,0,0,24.2,0,0,07:30:15,0
2704,10,00:01:50,3.392,0,0,24.2,0,0,07:30:25,0
2705,10,00:02:00,3.3897,0,0,24.2,0,0,07:30:35,0
2706,10,00:02:10,3.3871,0,0,24.2,0,0,07:30:45,0
2707,10,00:02:20,3.3846,0,0,24.2,0,0,07:30:55,0
2708,10,00:02:30,3.3826,0,0,24.2,0,0,07:31:05,0
2709,10,00:02:40,3.3808,0,0,24.2,0,0,07:31:15,0
2710,10,00:02:50,3.3791,0,0,24.2,0,0,07:31:25,0
2711,10,00:03:00,3.3775,0,0,24.1,0,0,07:31:35,0
2712,10,00:03:10,3.3761,0,0,24.1,0,0,07:31:45,0
2713,10,00:03:20,3.3748,0,0,24.1,0,0,07:31:55,0
2714,10,00:03:30,3.3734,0,0,24.1,0,0,07:32:05,0
2715,10,00:03:40,3.3723,0,0,24.1,0,0,07:32:15,0
2716,10,00:03:50,3.3713,0,0,24.1,0,0,07:32:25,0
2717,10,00:04:00,3.3702,0,0,24.1,0,0,07:32:35,0
2718,10,00:04:10,3.3693,0,0,24.1,0,0,07:32:45,0
2719,10,00:04:20,3.3685,0,0,24.1,0,0,07:32:55,0
2720,10,00:04:30,3.3676,0,0,24.1,0,0,07:33:05,0
2721,10,00:04:40,3.3669,0,0,24.1,0,0,07:33:15,0
2722,10,00:04:50,3.3661,0,0,24.1,0,0,07:33:25,0
2723,10,00:05:00,3.3655,0,0,24,0,0,07:33:35,0
2724,10,00:05:10,3.3649,0,0,24,0,0,07:33:45,0
2725,10,00:05:20,3.3643,0,0,24,0,0,07:33:55,0
2726,10,00:05:30,3.3637,0,0,24,0,0,07:34:05,0
2727,10,00:05:40,3.3631,0,0,24,0,0,07:34:15,0
2728,10,00:05:50,3.3626,0,0,24,0,0,07:34:25,0
2729,10,00:06:00,3.3621,0,0,24,0,0,07:34:35,0
2730,10,00:06:10,3.3615,0,0,24,0,0,07:34:45,0
2731,10,00:06:20,3.3611,0,0,24,0,0,07:34:55,0
2732,10,00:06:30,3.3607,0,0,24,0,0,07:35:05,0
2733,10,00:06:40,3.3603,0,0,24,0,0,07:35:15,0
2734,10,00:06:50,3.3598,0,0,24,0,0,07:35:25,0
2735,10,00:07:00,3.3595,0,0,24,0,0,07:35:35,0
2736,10,00:07:10,3.3591,0,0,24,0,0,07:35:45,0
2737,10,00:07:20,3.3588,0,0,23.9,0,0,07:35:55,0
2738,10,00:07:30,3.3584,0,0,23.9,0,0,07:36:05,0
2739,10,00:07:40,3.3581,0,0,23.9,0,0,07:36:15,0
2740,10,00:07:50,3.3578,0,0,23.9,0,0,07:36:25,0
2741,10,00:08:00,3.3575,0,0,23.9,0,0,07:36:35,0
2742,10,00:08:10,3.3572,0,0,23.9,0,0,07:36:45,0
2743,10,00:08:20,3.3569,0,0,23.9,0,0,07:36:55,0
2744,10,00:08:30,3.3567,0,0,23.9,0,0,07:37:05,0
2745,10,00:08:40,3.3564,0,0,23.9,0,0,07:37:15,0
2746,10,00:08:50,3.3562,0,0,23.9,0,0,07:37:25,0
2747,10,00:09:00,3.3559,0,0,23.9,0,0,07:37:35,0
2748,10,00:09:10,3.3557,0,0,23.9,0,0,07:37:45,0
2749,10,00:09:20,3.3554,0,0,23.9,0,0,07:37:55,0
2750,10,00:09:30,3.3552,0,0,23.9,0,0,07:38:05,0
2751,10,00:09:40,3.355,0,0,23.9,0,0,07:38:15,0
2752,10,00:09:50,3.3548,0,0,23.8,0,0,07:38:25,0
2753,10,00:10:00,3.3546,0,0,23.8,0,0,07:38:35,0
2754,10,00:10:10,3.3544,0,0,23.8,0,0,07:38:45,0
2755,10,00:10:20,3.3542,0,0,23.8,0,0,07:38:55,0
2756,10,00:10:30,3.354,0,0,23.8,0,0,07:39:05,0
2757,10,00:10:40,3.3538,0,0,23.8,0,0,07:39:15,0
2758,10,00:10:50,3.3536,0,0,23.8,0,0,07:39:25,0
2759,10,00:11:00,3.3535,0,0,23.8,0,0,07:39:35,0
2760,10,00:11:10,3.3532,0,0,23.8,0,0,07:39:45,0
2761,10,00:11:20,3.353,0,0,23.8,0,0,07:39:55,0
2762,10,00:11:30,3.3529,0,0,23.8,0,0,07:40:05,0
2763,10,00:11:40,3.3527,0,0,23.8,0,0,07:40:15,0
2764,10,00:11:50,3.3526,0,0,23.8,0,0,07:40:25,0
2765,10,00:12:00,3.3524,0,0,23.8,0,0,07:40:35,0
2766,10,00:12:10,3.3522,0,0,23.8,0,0,07:40:45,0
2767,10,00:12:20,3.3521,0,0,23.8,0,0,07:40:55,0
2768,10,00:12:30,3.3519,0,0,23.7,0,0,07:41:05,0
2769,10,00:12:40,3.3517,0,0,23.7,0,0,07:41:15,0
2770,10,00:12:50,3.3516,0,0,23.7,0,0,07:41:25,0
2771,10,00:13:00,3.3514,0,0,23.7,0,0,07:41:35,0
2772,10,00:13:10,3.3513,0,0,23.7,0,0,07:41:45,0
2773,10,00:13:20,3.3511,0,0,23.7,0,0,07:41:55,0
2774,10,00:13:30,3.351,0,0,23.7,0,0,07:42:05,0
2775,10,00:13:40,3.3509,0,0,23.7,0,0,07:42:15,0
2776,10,00:13:50,3.3507,0,0,23.7,0,0,07:42:25,0
2777,10,00:14:00,3.3506,0,0,23.7,0,0,07:42:35,0
2778,10,00:14:10,3.3504,0,0,23.7,0,0,07:42:45,0
2779,10,00:14:20,3.3503,0,0,23.7,0,0,07:42:55,0
2780,10,00:14:30,3.3502,0,0,23.7,0,0,07:43:05,0
2781,10,00:14:40,3.3501,0,0,23.7,0,0,07:43:15,0
2782,10,00:14:50,3.35,0,0,23.6,0,0,07:43:25,0
2783,10,00:15:00,3.3499,0,0,23.6,0,0,07:43:35,0
2784,10,00:15:10,3.3497,0,0,23.6,0,0,07:43:45,0
2785,10,00:15:20,3.3496,0,0,23.6,0,0,07:43:55,0
2786,10,00:15:30,3.3495,0,0,23.6,0,0,07:44:05,0
2787,10,00:15:40,3.3494,0,0,23.6,0,0,07:44:15,0
2788,10,00:15:50,3.3493,0,0,23.6,0,0,07:44:25,0
2789,10,00:16:00,3.3492,0,0,23.6,0,0,07:44:35,0
2790,10,00:16:10,3.3491,0,0,23.6,0,0,07:44:45,0
2791,10,00:16:20,3.349,0,0,23.6,0,0,07:44:55,0
2792,10,00:16:30,3.3489,0,0,23.6,0,0,07:45:05,0
2793,10,00:16:40,3.3488,0,0,23.6,0,0,07:45:15,0
2794,10,00:16:50,3.3487,0,0,23.6,0,0,07:45:25,0
2795,10,00:17:00,3.3486,0,0,23.6,0,0,07:45:35,0
2796,10,00:17:10,3.3486,0,0,23.6,0,0,07:45:45,0
2797,10,00:17:20,3.3485,0,0,23.5,0,0,07:45:55,0
2798,10,00:17:30,3.3484,0,0,23.5,0,0,07:46:05,0
2799,10,00:17:40,3.3483,0,0,23.5,0,0,07:46:15,0
2800,10,00:17:50,3.3482,0,0,23.5,0,0,07:46:25,0
2801,10,00:18:00,3.3481,0,0,23.5,0,0,07:46:35,0
2802,10,00:18:10,3.348,0,0,23.5,0,0,07:46:45,0
2803,10,00:18:20,3.348,0,0,23.5,0,0,07:46:55,0
2804,10,00:18:30,3.3479,0,0,23.5,0,0,07:47:05,0
2805,10,00:18:40,3.3478,0,0,23.5,0,0,07:47:15,0
2806,10,00:18:50,3.3477,0,0,23.5,0,0,07:47:25,0
2807,10,00:19:00,3.3477,0,0,23.5,0,0,07:47:35,0
2808,10,00:19:10,3.3476,0,0,23.5,0,0,07:47:45,0
2809,10,00:19:20,3.3475,0,0,23.5,0,0,07:47:55,0
2810,10,00:19:30,3.3474,0,0,23.5,0,0,07:48:05,0
2811,10,00:19:40,3.3474,0,0,23.5,0,0,07:48:15,0
2812,10,00:19:50,3.3473,0,0,23.5,0,0,07:48:25,0
2813,10,00:20:00,3.3472,0,0,23.5,0,0,07:48:35,0
2814,10,00:20:10,3.3472,0,0,23.5,0,0,07:48:45,0
2815,10,00:20:20,3.3471,0,0,23.5,0,0,07:48:55,0
2816,10,00:20:30,3.347,0,0,23.5,0,0,07:49:05,0
2817,10,00:20:40,3.347,0,0,23.5,0,0,07:49:15,0
2818,10,00:20:50,3.3469,0,0,23.4,0,0,07:49:25,0
2819,10,00:21:00,3.3468,0,0,23.5,0,0,07:49:35,0
2820,10,00:21:10,3.3468,0,0,23.5,0,0,07:49:45,0
2821,10,00:21:20,3.3467,0,0,23.5,0,0,07:49:55,0
2822,10,00:21:30,3.3467,0,0,23.4,0,0,07:50:05,0
2823,10,00:21:40,3.3466,0,0,23.4,0,0,07:50:15,0
2824,10,00:21:50,3.3466,0,0,23.4,0,0,07:50:25,0
2825,10,00:22:00,3.3465,0,0,23.4,0,0,07:50:35,0
2826,10,00:22:10,3.3465,0,0,23.4,0,0,07:50:45,0
2827,10,00:22:20,3.3464,0,0,23.4,0,0,07:50:55,0
2828,10,00:22:30,3.3463,0,0,23.4,0,0,07:51:05,0
2829,10,00:22:40,3.3463,0,0,23.4,0,0,07:51:15,0
2830,10,00:22:50,3.3462,0,0,23.4,0,0,07:51:25,0
2831,10,00:23:00,3.3462,0,0,23.4,0,0,07:51:35,0
2832,10,00:23:10,3.3461,0,0,23.4,0,0,07:51:45,0
2833,10,00:23:20,3.3461,0,0,23.4,0,0,07:51:55,0
2834,10,00:23:30,3.346,0,0,23.4,0,0,07:52:05,0
2835,10,00:23:40,3.346,0,0,23.4,0,0,07:52:15,0
2836,10,00:23:50,3.3459,0,0,23.4,0,0,07:52:25,0
2837,10,00:24:00,3.3459,0,0,23.4,0,0,07:52:35,0
2838,10,00:24:10,3.3458,0,0,23.4,0,0,07:52:45,0
2839,10,00:24:20,3.3458,0,0,23.4,0,0,07:52:55,0
2840,10,00:24:30,3.3457,0,0,23.4,0,0,07:53:05,0
2841,10,00:24:40,3.3457,0,0,23.4,0,0,07:53:15,0
2842,10,00:24:50,3.3456,0,0,23.4,0,0,07:53:25,0
2843,10,00:25:00,3.3456,0,0,23.4,0,0,07:53:35,0
2844,10,00:25:10,3.3455,0,0,23.4,0,0,07:53:45,0
2845,10,00:25:20,3.3455,0,0,23.4,0,0,07:53:55,0
2846,10,00:25:30,3.3455,0,0,23.4,0,0,07:54:05,0
2847,10,00:25:40,3.3454,0,0,23.4,0,0,07:54:15,0
2848,10,00:25:50,3.3454,0,0,23.4,0,0,07:54:25,0
2849,10,00:26:00,3.3453,0,0,23.4,0,0,07:54:35,0
2850,10,00:26:10,3.3453,0,0,23.4,0,0,07:54:45,0
2851,10,00:26:20,3.3452,0,0,23.4,0,0,07:54:55,0
2852,10,00:26:30,3.3452,0,0,23.4,0,0,07:55:05,0
2853,10,00:26:40,3.3452,0,0,23.4,0,0,07:55:15,0
2854,10,00:26:50,3.3451,0,0,23.3,0,0,07:55:25,0
2855,10,00:27:00,3.3451,0,0,23.3,0,0,07:55:35,0
2856,10,00:27:10,3.3449,0,0,23.3,0,0,07:55:45,0
2857,10,00:27:20,3.3449,0,0,23.3,0,0,07:55:55,0
2858,10,00:27:30,3.3449,0,0,23.3,0,0,07:56:05,0
2859,10,00:27:40,3.3449,0,0,23.3,0,0,07:56:15,0
2860,10,00:27:50,3.3448,0,0,23.3,0,0,07:56:25,0
2861,10,00:28:00,3.3448,0,0,23.3,0,0,07:56:35,0
2862,10,00:28:10,3.3447,0,0,23.3,0,0,07:56:45,0
2863,10,00:28:20,3.3447,0,0,23.3,0,0,07:56:55,0
2864,10,00:28:30,3.3447,0,0,23.3,0,0,07:57:05,0
2865,10,00:28:40,3.3446,0,0,23.3,0,0,07:57:15,0
2866,10,00:28:50,3.3446,0,0,23.3,0,0,07:57:25,0
2867,10,00:29:00,3.3446,0,0,23.3,0,0,07:57:35,0
2868,10,00:29:10,3.3445,0,0,23.3,0,0,07:57:45,0
2869,10,00:29:20,3.3445,0,0,23.3,0,0,07:57:55,0
2870,10,00:29:30,3.3444,0,0,23.3,0,0,07:58:05,0
2871,10,00:29:40,3.3444,0,0,23.3,0,0,07:58:15,0
2872,10,00:29:50,3.3444,0,0,23.3,0,0,07:58:25,0
2873,10,00:30:00,3.3444,0,0,23.3,0,0,07:58:35,0
2874,10,00:30:10,3.3443,0,0,23.3,0,0,07:58:45,0
2875,10,00:30:20,3.3443,0,0,23.3,0,0,07:58:55,0
2876,10,00:30:30,3.3442,0,0,23.3,0,0,07:59:05,0
2877,10,00:30:40,3.3442,0,0,23.3,0,0,07:59:15,0
2878,10,00:30:50,3.3442,0,0,23.3,0,0,07:59:25,0
2879,10,00:31:00,3.3442,0,0,23.3,0,0,07:59:35,0
2880,10,00:31:10,3.3441,0,0,23.3,0,0,07:59:45,0
2881,10,00:31:20,3.3441,0,0,23.3,0,0,07:59:55,0
2882,10,00:31:30,3.3441,0,0,23.3,0,0,08:00:05,0
2883,10,00:31:40,3.344,0,0,23.3,0,0,08:00:15,0
2884,10,00:31:50,3.344,0,0,23.3,0,0,08:00:25,0
2885,10,00:32:00,3.344,0,0,23.3,0,0,08:00:35,0
2886,10,00:32:10,3.344,0,0,23.3,0,0,08:00:45,0
2887,10,00:32:20,3.3439,0,0,23.3,0,0,08:00:55,0
2888,10,00:32:30,3.3439,0,0,23.2,0,0,08:01:05,0
2889,10,00:32:40,3.3439,0,0,23.3,0,0,08:01:15,0
2890,10,00:32:50,3.3438,0,0,23.2,0,0,08:01:25,0
2891,10,00:33:00,3.3438,0,0,23.2,0,0,08:01:35,0
2892,10,00:33:10,3.3438,0,0,23.3,0,0,08:01:45,0
2893,10,00:33:20,3.3438,0,0,23.3,0,0,08:01:55,0
2894,10,00:33:30,3.3437,0,0,23.3,0,0,08:02:05,0
2895,10,00:33:40,3.3437,0,0,23.3,0,0,08:02:15,0
2896,10,00:33:50,3.3437,0,0,23.2,0,0,08:02:25,0
2897,10,00:34:00,3.3437,0,0,23.3,0,0,08:02:35,0
2898,10,00:34:10,3.3436,0,0,23.2,0,0,08:02:45,0
2899,10,00:34:20,3.3436,0,0,23.2,0,0,08:02:55,0
2900,10,00:34:30,3.3436,0,0,23.2,0,0,08:03:05,0
2901,10,00:34:40,3.3436,0,0,23.2,0,0,08:03:15,0
2902,10,00:34:50,3.3435,0,0,23.2,0,0,08:03:25,0
2903,10,00:35:00,3.3435,0,0,23.2,0,0,08:03:35,0
2904,10,00:35:10,3.3435,0,0,23.2,0,0,08:03:45,0
2905,10,00:35:20,3.3435,0,0,23.2,0,0,08:03:55,0
2906,10,00:35:30,3.3434,0,0,23.2,0,0,08:04:05,0
2907,10,00:35:40,3.3434,0,0,23.2,0,0,08:04:15,0
2908,10,00:35:50,3.3434,0,0,23.2,0,0,08:04:25,0
2909,10,00:36:00,3.3434,0,0,23.2,0,0,08:04:35,0
2910,10,00:36:10,3.3433,0,0,23.2,0,0,08:04:45,0
2911,10,00:36:20,3.3433,0,0,23.2,0,0,08:04:55,0
2912,10,00:36:30,3.3433,0,0,23.2,0,0,08:05:05,0
2913,10,00:36:40,3.3433,0,0,23.2,0,0,08:05:15,0
2914,10,00:36:50,3.3432,0,0,23.2,0,0,08:05:25,0
2915,10,00:37:00,3.3432,0,0,23.2,0,0,08:05:35,0
2916,10,00:37:10,3.3432,0,0,23.2,0,0,08:05:45,0
2917,10,00:37:20,3.3432,0,0,23.2,0,0,08:05:55,0
2918,10,00:37:30,3.3431,0,0,23.2,0,0,08:06:05,0
2919,10,00:37:40,3.3431,0,0,23.2,0,0,08:06:15,0
2920,10,00:37:50,3.3431,0,0,23.2,0,0,08:06:25,0
2921,10,00:38:00,3.3431,0,0,23.2,0,0,08:06:35,0
2922,10,00:38:10,3.3431,0,0,23.2,0,0,08:06:45,0
2923,10,00:38:20,3.343,0,0,23.2,0,0,08:06:55,0
2924,10,00:38:30,3.343,0,0,23.2,0,0,08:07:05,0
2925,10,00:38:40,3.343,0,0,23.2,0,0,08:07:15,0
2926,10,00:38:50,3.343,0,0,23.2,0,0,08:07:25,0
2927,10,00:39:00,3.343,0,0,23.2,0,0,08:07:35,0
2928,10,00:39:10,3.3429,0,0,23.2,0,0,08:07:45,0
2929,10,00:39:20,3.3429,0,0,23.2,0,0,08:07:55,0
2930,10,00:39:30,3.3429,0,0,23.2,0,0,08:08:05,0
2931,10,00:39:40,3.3429,0,0,23.2,0,0,08:08:15,0
2932,10,00:39:50,3.3429,0,0,23.2,0,0,08:08:25,0
2933,10,00:40:00,3.3428,0,0,23.2,0,0,08:08:35,0
2934,10,00:40:10,3.3428,0,0,23.2,0,0,08:08:45,0
2935,10,00:40:20,3.3428,0,0,23.2,0,0,08:08:55,0
2936,10,00:40:30,3.3428,0,0,23.2,0,0,08:09:05,0
2937,10,00:40:40,3.3427,0,0,23.2,0,0,08:09:15,0
2938,10,00:40:50,3.3428,0,0,23.2,0,0,08:09:25,0
2939,10,00:41:00,3.3427,0,0,23.2,0,0,08:09:35,0
2940,10,00:41:10,3.3427,0,0,23.2,0,0,08:09:45,0
2941,10,00:41:20,3.3427,0,0,23.2,0,0,08:09:55,0
2942,10,00:41:30,3.3427,0,0,23.2,0,0,08:10:05,0
2943,10,00:41:40,3.3427,0,0,23.2,0,0,08:10:15,0
2944,10,00:41:50,3.3426,0,0,23.2,0,0,08:10:25,0
2945,10,00:42:00,3.3426,0,0,23.2,0,0,08:10:35,0
2946,10,00:42:10,3.3426,0,0,23.2,0,0,08:10:45,0
2947,10,00:42:20,3.3426,0,0,23.2,0,0,08:10:55,0
2948,10,00:42:30,3.3426,0,0,23.2,0,0,08:11:05,0
2949,10,00:42:40,3.3425,0,0,23.2,0,0,08:11:15,0
2950,10,00:42:50,3.3425,0,0,23.2,0,0,08:11:25,0
2951,10,00:43:00,3.3425,0,0,23.2,0,0,08:11:35,0
2952,10,00:43:10,3.3425,0,0,23.2,0,0,08:11:45,0
2953,10,00:43:20,3.3425,0,0,23.2,0,0,08:11:55,0
2954,10,00:43:30,3.3425,0,0,23.2,0,0,08:12:05,0
2955,10,00:43:40,3.3424,0,0,23.2,0,0,08:12:15,0
2956,10,00:43:50,3.3424,0,0,23.2,0,0,08:12:25,0
2957,10,00:44:00,3.3424,0,0,23.2,0,0,08:12:35,0
2958,10,00:44:10,3.3424,0,0,23.2,0,0,08:12:45,0
2959,10,00:44:20,3.3424,0,0,23.2,0,0,08:12:55,0
2960,10,00:44:30,3.3424,0,0,23.2,0,0,08:13:05,0
2961,10,00:44:40,3.3424,0,0,23.2,0,0,08:13:15,0
2962,10,00:44:50,3.3423,0,0,23.2,0,0,08:13:25,0
2963,10,00:45:00,3.3423,0,0,23.2,0,0,08:13:35,0
2964,10,00:45:10,3.3423,0,0,23.2,0,0,08:13:45,0
2965,10,00:45:20,3.3423,0,0,23.2,0,0,08:13:55,0
2966,10,00:45:30,3.3423,0,0,23.2,0,0,08:14:05,0
2967,10,00:45:40,3.3422,0,0,23.2,0,0,08:14:15,0
2968,10,00:45:50,3.3423,0,0,23.2,0,0,08:14:25,0
2969,10,00:46:00,3.3422,0,0,23.2,0,0,08:14:35,0
2970,10,00:46:10,3.3422,0,0,23.2,0,0,08:14:45,0
2971,10,00:46:20,3.3422,0,0,23.2,0,0,08:14:55,0
2972,10,00:46:30,3.3422,0,0,23.2,0,0,08:15:05,0
2973,10,00:46:40,3.3422,0,0,23.2,0,0,08:15:15,0
2974,10,00:46:50,3.3422,0,0,23.2,0,0,08:15:25,0
2975,10,00:47:00,3.3421,0,0,23.2,0,0,08:15:35,0
2976,10,00:47:10,3.3421,0,0,23.2,0,0,08:15:45,0
2977,10,00:47:20,3.3421,0,0,23.2,0,0,08:15:55,0
2978,10,00:47:30,3.3421,0,0,23.2,0,0,08:16:05,0
2979,10,00:47:40,3.3421,0,0,23.2,0,0,08:16:15,0
2980,10,00:47:50,3.3421,0,0,23.2,0,0,08:16:25,0
2981,10,00:48:00,3.342,0,0,23.2,0,0,08:16:35,0
2982,10,00:48:10,3.342,0,0,23.2,0,0,08:16:45,0
2983,10,00:48:20,3.342,0,0,23.2,0,0,08:16:55,0
2984,10,00:48:30,3.342,0,0,23.2,0,0,08:17:05,0
2985,10,00:48:40,3.342,0,0,23.2,0,0,08:17:15,0
2986,10,00:48:50,3.342,0,0,23.2,0,0,08:17:25,0
2987,10,00:49:00,3.342,0,0,23.2,0,0,08:17:35,0
2988,10,00:49:10,3.342,0,0,23.2,0,0,08:17:45,0
2989,10,00:49:20,3.3419,0,0,23.2,0,0,08:17:55,0
2990,10,00:49:30,3.3419,0,0,23.2,0,0,08:18:05,0
2991,10,00:49:40,3.3419,0,0,23.2,0,0,08:18:15,0
2992,10,00:49:50,3.3419,0,0,23.2,0,0,08:18:25,0
2993,10,00:50:00,3.3419,0,0,23.2,0,0,08:18:35,0
2994,10,00:50:10,3.3419,0,0,23.2,0,0,08:18:45,0
2995,10,00:50:20,3.3419,0,0,23.2,0,0,08:18:55,0
2996,10,00:50:30,3.3419,0,0,23.2,0,0,08:19:05,0
2997,10,00:50:40,3.3419,0,0,23.2,0,0,08:19:15,0
2998,10,00:50:50,3.3418,0,0,23.2,0,0,08:19:25,0
2999,10,00:51:00,3.3418,0,0,23.3,0,0,08:19:35,0
3000,10,00:51:10,3.3418,0,0,23.3,0,0,08:19:45,0
3001,10,00:51:20,3.3418,0,0,23.3,0,0,08:19:55,0
3002,10,00:51:30,3.3418,0,0,23.3,0,0,08:20:05,0
3003,10,00:51:40,3.3418,0,0,23.3,0,0,08:20:15,0
3004,10,00:51:50,3.3417,0,0,23.3,0,0,08:20:25,0
3005,10,00:52:00,3.3417,0,0,23.3,0,0,08:20:35,0
3006,10,00:52:10,3.3417,0,0,23.3,0,0,08:20:45,0
3007,10,00:52:20,3.3417,0,0,23.3,0,0,08:20:55,0
3008,10,00:52:30,3.3417,0,0,23.3,0,0,08:21:05,0
3009,10,00:52:40,3.3417,0,0,23.3,0,0,08:21:15,0
3010,10,00:52:50,3.3417,0,0,23.3,0,0,08:21:25,0
3011,10,00:53:00,3.3417,0,0,23.3,0,0,08:21:35,0
3012,10,00:53:10,3.3416,0,0,23.3,0,0,08:21:45,0
3013,10,00:53:20,3.3416,0,0,23.3,0,0,08:21:55,0
3014,10,00:53:30,3.3416,0,0,23.3,0,0,08:22:05,0
3015,10,00:53:40,3.3416,0,0,23.3,0,0,08:22:15,0
3016,10,00:53:50,3.3416,0,0,23.3,0,0,08:22:25,0
3017,10,00:54:00,3.3416,0,0,23.3,0,0,08:22:35,0
3018,10,00:54:10,3.3416,0,0,23.3,0,0,08:22:45,0
3019,10,00:54:20,3.3416,0,0,23.3,0,0,08:22:55,0
3020,10,00:54:30,3.3416,0,0,23.3,0,0,08:23:05,0
3021,10,00:54:40,3.3416,0,0,23.3,0,0,08:23:15,0
3022,10,00:54:50,3.3415,0,0,23.3,0,0,08:23:25,0
3023,10,00:55:00,3.3415,0,0,23.3,0,0,08:23:35,0
3024,10,00:55:10,3.3415,0,0,23.3,0,0,08:23:45,0
3025,10,00:55:20,3.3415,0,0,23.4,0,0,08:23:55,0
3026,10,00:55:30,3.3415,0,0,23.4,0,0,08:24:05,0
3027,10,00:55:40,3.3415,0,0,23.4,0,0,08:24:15,0
3028,10,00:55:50,3.3415,0,0,23.4,0,0,08:24:25,0
3029,10,00:56:00,3.3415,0,0,23.4,0,0,08:24:35,0
3030,10,00:56:10,3.3414,0,0,23.4,0,0,08:24:45,0
3031,10,00:56:20,3.3414,0,0,23.4,0,0,08:24:55,0
3032,10,00:56:30,3.3414,0,0,23.4,0,0,08:25:05,0
3033,10,00:56:40,3.3414,0,0,23.4,0,0,08:25:15,0
3034,10,00:56:50,3.3414,0,0,23.4,0,0,08:25:25,0
3035,10,00:57:00,3.3414,0,0,23.4,0,0,08:25:35,0
3036,10,00:57:10,3.3414,0,0,23.4,0,0,08:25:45,0
3037,10,00:57:20,3.3414,0,0,23.4,0,0,08:25:55,0
3038,10,00:57:30,3.3414,0,0,23.4,0,0,08:26:05,0
3039,10,00:57:40,3.3413,0,0,23.4,0,0,08:26:15,0
3040,10,00:57:50,3.3413,0,0,23.4,0,0,08:26:25,0
3041,10,00:58:00,3.3413,0,0,23.4,0,0,08:26:35,0
3042,10,00:58:10,3.3413,0,0,23.4,0,0,08:26:45,0
3043,10,00:58:20,3.3413,0,0,23.4,0,0,08:26:55,0
3044,10,00:58:30,3.3413,0,0,23.4,0,0,08:27:05,0
3045,10,00:58:40,3.3413,0,0,23.4,0,0,08:27:15,0
3046,10,00:58:50,3.3413,0,0,23.4,0,0,08:27:25,0
3047,10,00:59:00,3.3413,0,0,23.4,0,0,08:27:35,0
3048,10,00:59:10,3.3413,0,0,23.4,0,0,08:27:45,0
3049,10,00:59:20,3.3412,0,0,23.4,0,0,08:27:55,0
3050,10,00:59:30,3.3412,0,0,23.4,0,0,08:28:05,0
3051,10,00:59:40,3.3412,0,0,23.4,0,0,08:28:15,0
3052,10,00:59:50,3.3412,0,0,23.4,0,0,08:28:25,0
3053,10,01:00:00,3.3412,0,0,23.4,0,0,08:28:35,Time
